Word,Frequency
ржЪрж╛ржЗ,456
ржЬржп,408
ржмрж╛ржВрж▓,259
ржХ,236
ржи,236
ржХрж░,232
ржЙржкржжрзЗрж╖рзНржЯ,210
ржЬрж┐ржирзНржжрж╛ржмрж╛ржж,182
рж╣ржм,180
ржЗрж╕рж▓рж╛ржо,167
ржирж┐рж░рзНржмрж╛ржЪржи,164
ржмрж╛ржВрж▓рж╛ржжрзЗрж╢,159
ржЖржкржирж╛рж░,137
ржЬрж╛ржорж╛ржд,137
рж▓рзАржЧ,135
рж╕рзНржпрж╛рж░,132
ржжрзЗрж╢,118
ржЖржорж░,113
рж╕ржВрж╕рзНржХрж╛рж░,108
ржмржЩрзНржЧржмржирзНржз,106
ржЖржкржи,104
ржкржжрждрзНржпрж╛ржЧ,103
ржЬржирзНржп,102
рж╕рж░ржХрж╛рж░,101
ржерзЗржХ,99
ржЖржЧ,93
ржХрж░ржд,93
рж╣рзЛржХ,90
ржХрж░рзБржи,90
ржЖрж░,90
ржЗржЙржирзБрж╕,89
ржмржЫрж░,88
ржЖржЫ,85
ржмрж┐ржЪрж╛рж░,82
ржжрзЗржЦржд,82
ржПржЗ,80
ржУ,80
ржЖржУржпрж╝рж╛ржо,73
ржХрзЛржи,69
ржжрзЗрж╢рзЗрж░,65
ржкрж░,64
рж╣ржп,64
ржЕржирзЗржХ,62
ржзржирзНржпржмрж╛ржж,62
ржлрж╛рж░рзБржХрзАрж░,60
ржЖржкржирж╛ржХ,60
ржнрж╛рж▓,60
ржорж╛ржирзБрж╖,58
ржХрже,57
ржлрж╛рж░рзБржХ,57
ржжрж╛ржо,55
sir,55
рж╣рж╛рж╕рж┐ржирж╛рж░,55
ржкрж┐ржирж╛ржХ,54
рж╣рж┐рж╕рзЗржм,54
ржЖрж▓рж╣рж╛ржоржжрзБрж▓рж┐рж▓рзНрж▓рж╛рж╣,54
ржжрж┐ржи,54
ржПрж░,53
ржХрж░рзЗржи,53
рзл,52
ржжрж┐ржп,50
ржорзБржХрзНржд,49
ржПржЦржи,48
ржПржм,47
ржп,47
ржжрж░ржХрж╛рж░,47
ржЖрж╕рж┐ржл,47
ржЖржорж╛ржжрзЗрж░,46
ржЬрж╛ржорж╛ржпрж╝рж╛ржд,46
ржд,46
ржирж┐ржп,45
рждрж╛рж░,44
ржирзМржХ,44
рж╢рзЗржЦ,44
ржХрзЗржи,43
рж╕рж╛ржорж▓,42
ржХрж╛ржЬ,42
ржмрж╛ржВрж▓рж╛ржжрзЗрж╢рзЗрж░,41
ржЖрж▓рзНрж▓рж╛рж╣,41
рж╣рж╛рж╕рж┐ржи,40
рж╣рзЛржЧ,40
joy,40
ржб,39
ржПржХржЯ,39
ржЖржорж╛рж░,39
ржЗржирж╢рж╛ржЖрж▓рзНрж▓рж╛рж╣,37
рждрж╛ржжрзЗрж░,36
ржЖржо,36
ржХрж┐ржЫ,36
ржирж╛ржЗ,36
ржХрж░рж╛рж░,35
рж╕рж╛рже,35
рж╕рзБржирзНржжрж░,34
ржЯрж╛ржХ,34
ржжрзНрж░рзБржд,34
ржирж┐ржпрж╝рзЛржЧ,34
ржирждрзБржи,33
рж╕ржХрж▓,33
рж╕ржм,33
ржХрж░ржЫ,31
ржпрж╛рж░,31
ржнрзБржп,31
ржЕржирзБрж░рзЛржз,31
ржЪрж╛ржп,31
ржорж╛ржирзБрж╖рзЗрж░,30
ржЗрж▓рж┐ржпрж╝рж╛рж╕,30
ржкрж╛рж░,30
ржпрж╛ржи,29
рж╣рж╛рж░ржкрж┐ржХ,29
ржПржЧрж┐ржп,29
ржмрж╛рж░,28
ржоржд,28
ржмрж╛ржж,27
ржХржорзЗржирзНржЯ,27
ржмржирзНржз,27
ржжрзЗржи,26
рж╢рж┐ржмрж┐рж░,26
рж╕рж╛ржзрж╛рж░ржг,26
league,26
ржарж┐ржХ,25
you,25
ржнржЯрзНржЯрж╛ржЪрж╛рж░рзНржп,25
ржпрж╛ржм,25
ржкрж░рж┐рж╖ржж,25
ржЧрзЗржЫ,25
chai,24
рж╕ржмрж╛ржЗ,24
ржжрзЗржУржп,24
ржкрзБрж▓рж┐рж╢,23
ржорж╛рж╣рждрж╛ржм,23
ржмрж┐ржПржиржк,23
ржПржЯ,23
рж╣ржд,22
рж░ржЗрж▓,22
5,22
ржХрж╛ржЫ,22
ржмрзНржпржмрж╕рзНрже,22
good,22
ржоржи,22
рж╣рж┐рж╕рж╛ржм,22
ржЖржирзНржжрзЛрж▓ржи,22
ржХрзНрж╖ржорждрж╛ржп,22
рж╣рж╛ржд,22
ржжрж┐ржХ,21
рж╣рж╛ржЬрж╛рж░,21
ржПржХ,21
рж╣ржЪрзНржЫ,21
ржмрж▓рзЗржи,21
ржЧрзБрж▓,21
ржХрж░ржм,20
ржжрж╛ржм,20
рж╣рж▓,20
рж░рж╣ржорж╛ржи,20
ржЖрж╢,20
ржпрж╛ржп,20
ржпрзЗржи,20
Allah,20
BNP,20
ржЙржкрж░,20
ржЖржЗржи,20
ржЦрзБржм,20
ржХржорж╛ржи,20
ржиржп,19
рж╕ржоржп,19
ржЖржкржирж╛ржжрзЗрж░,19
ржнрзЛржЯ,19
ржжрж┐ржд,19
the,19
ржирж┐ржпрж╝ржирзНрждрзНрж░ржг,19
ржжрж▓,19
рж▓рзАржЧрзЗрж░,18
er,18
рж╕рж┐ржирзНржбрж┐ржХрзЗржЯ,18
ржЬржиржЧржгрзЗрж░,18
koren,17
ржЕржкрж╕рж╛рж░ржг,17
рж╣ржпрж╝рзЗржЫ,17
рждрж╛рж╣рж▓,17
Bangla,17
ржжрзЗржп,17
ржерж╛ржХ,17
ржкрзНрж░ржзрж╛ржи,17
ржнрж╛ржЗ,16
ржЬрж╛ржд,16
ржкржж,16
рж╕рж╛рж░,16
ржорж╛рж╣ржорзБржжрзБрж░,16
ржХрж╛ржоржи,16
ржХрж╛рж░ржг,16
рж╕рж░ржХрж╛рж░рзЗрж░,16
ржЫрж╛рждрзНрж░,16
ржкрж╛рж╢,16
ржЬржиржЧржг,16
ржкрзНрж░ржпрж╝рзЛржЬржи,16
ржжрж┐ржм,16
ржжрж┐ржмрзЗржи,15
ahead,15
bangla,15
ржлрж╛рж░рзБржХрж┐рж░,15
ржЫрж┐рж▓,15
Sir,15
ржПржд,15
ржЦрзБржи,15
ржжрзНрж░ржмрзНржп,15
ржбржХрзНржЯрж░,15
ржЖржлрж╕рзЛрж╕,15
ржжрзЗрж░,15
ржерж╛ржХрж╛рж░,15
ржирж┐рж╖рж┐ржжрзНржз,14
yunus,14
of,14
ржЧржаржи,14
ржмрзЗрж╢,14
ржпрж╛ржХ,14
ржмрж╢рж┐рж░,14
рж╕рзБржж,14
ржмрж╛ржирж╛ржи,14
ржорж╛рж░,14
рж╕рзНржмрзИрж░рж╛ржЪрж╛рж░,14
ржЗржЙржирзВрж╕,14
go,14
ржЖрж╕,14
Dr,14
ржП,14
рж░,14
right,14
League,14
ржПржХржЬржи,14
ржзрж░,14
рззрзжрзж,14
ржЖржЙ,13
ржХрж░ржмрзЗржи,13
ржжрж╛ржи,13
ржжрзЗржЦрзЗржЫ,13
ржкрж░рзНржпржирзНржд,13
ржЪрж▓,13
ржмрж╛ржВрж▓рж╛рж░,13
рж╢рзБржз,13
ржмрж┐ржжрж╛ржп,13
ржЗрж╕рж▓рж╛ржоржХ,13
ржкржХрзНрж╖,13
ржЬрж╛рждрзАржп,13
ржкрж░рж┐ржЪрж╛рж▓ржи,13
cai,13
ржХрж┐ржирзНржд,13
ржерж╛ржХрзЗржи,13
ржжрзЗржЦ,13
ржмржХрзНрждржмрзНржп,13
рж╕рзНржпрж╛рж░ржХ,13
ржХржерж╛ржп,13
ржжрзНрж░ржмрзНржпржорзВрж▓рзНржпрзЗрж░,13
ржЕржзрж┐ржХрж╛рж░,13
ржо,13
ржжрж╛ржж,13
ржмрж┐ржкрзНрж▓ржм,13
ржнрж╛рж░ржд,13
hu,12
рззрзж,12
ржм,12
рж▓рж╛ржЧ,12
ржмрж▓,12
Bangladesh,12
ржк,12
ржжрзБрж░рзНржирзАржд,12
we,12
рж╕ржарж┐ржХ,12
ржПржоржи,12
рж╣ржУржп,12
na,12
ржкрж╛ржБржЪ,12
ржжрзЗрж╢ржХ,12
ржлрж┐рж░,12
рж╢рж┐ржХрзНрж╖,12
ржХрж┐ржнрж╛ржм,12
ржЬрж╛ржирж╛ржЪрзНржЫ,12
рж╕рж╛рж╣рзЗржм,11
рждрж╛рж░ржкрж░,11
ржЖржмрж╛рж░,11
ржкржб,11
hi,11
ржЗржиржХрж┐рж▓рж╛ржм,11
рж╕рзЗржЗ,11
ржирж┐рж░рзНржмрж╛ржЪржирзЗрж░,11
younus,11
ржорзВрж▓рзНржп,11
ржХрж╖рзНржЯ,11
ржмржб,11
ржоржзрзНржп,11
ржирзЗржЗ,11
ржПржмрж╛рж░,11
ржжрж┐рж▓,11
ржХржо,11
are,11
рж╢рзЗрж╖,11
рждрж┐ржи,11
ржкрзНрж░ржд,11
рзз,11
k,11
ржЙржЪрж┐ржд,11
ржмрзНржпрж░рзНрже,11
ржерж╛ржХржд,11
akbar,11
ржЬрж╛рж░ржЬ,10
ржмрж╛ржЬрж╛рж░,10
ржпрзЛржЧрзНржп,10
ржХрж╛рж░,10
ржмрж╛рждрж┐рж▓,10
ржЖржУржпрж╝рж╛ржорзАрж▓рзАржЧ,10
ржЦрзБржмржЗ,10
ржмрж╛ржЯржкрж╛рж░,10
ржорж╛ржи,10
ржмржЫрж░рзЗрж░,10
congratulations,10
ржнрж╛ржм,10
ржЖржи,10
boycott,10
ржЖрж╕ржм,10
love,10
ржпржж,10
ржЦрж╛рж░рж╛ржк,10
ржиржЬрж░,10
ржХрж░рзЗржЫрзЗржи,10
Awami,10
ржжрж▓рзЗрж░,10
рждрзЛрж░,10
years,10
ржЬржиржЧржи,10
ржкрж░рж┐ржмрж░рзНрждржи,10
ржкрж╛ржм,10
ржЧрзЗрж▓,10
ржЕржкрзЗржХрзНрж╖рж╛ржп,10
ржорж╛рж╕,10
ржХржЦржи,9
kore,9
to,9
and,9
рж╕ржВрж╕рзНржХрж╛рж░рзЗрж░,9
рж╕рж░ржХрж╛рж░ржХ,9
рж╢рзБржнржХрж╛ржоржи,9
ржХрзНрж╖ржоржд,9
Alhamdulillah,9
faruki,9
ржЙржкржжрзЗрж╖рзНржЯрж╛рж░,9
ржХрзЛржЯ,9
рж╣рж╛ржпрж╝рж╛ржд,9
ржж,9
ржжржп,9
ржерж╛ржХржм,9
ржЬрж╛рждрж┐рж░,9
ржЖржорж┐ржи,9
рж░рж╛ржЬржирзИрждрж┐ржХ,9
рж░рж╛ржЦржд,9
bnp,9
рж╣,9
Younus,9
ржХржорж╛ржд,9
ржнрж╛рж╖ржи,9
рж╣рзЛрж╕рзЗржи,9
hobe,9
ржжрзНрж░ржмрзНржпржорзВрж▓рзНржп,9
ржХрж░рзЗржЫ,9
ржХржиржХ,9
ржорж╛рж╣рж╛рждрж╛ржм,9
ржХржЗ,9
рж▓рзЛржХ,9
thanks,9
рж╕рж╣,9
ржмрзЗрждржи,9
рждрж╛ржжрзЗрж░ржХ,9
ржирж┐ржкрж╛ржд,9
рждрж╛ржбрж╝рж╛рждрж╛ржб,9
рждрзЛржорж╛рж░,9
рж╕рж╛ржВржмрж╛ржжрж┐ржХ,9
ржлрж╛рж░рзБржХрзАржХ,9
ржнрж╛рж░рждрзЗрж░,8
ржХрж░рж▓рзЗржи,8
рж╢рзБржн,8
ржЖрж╕ржЫ,8
ржЕржд,8
ржорж╛ржирзБрж╖ржХ,8
ржЖржЧрж╛ржо,8
рждрж╛ржЗ,8
рж╣рждрзНржпрж╛рж░,8
ржирж┐рж╢рзНржЪрж┐ржд,8
ke,8
luck,8
ржмрзБржЭ,8
ржХрж░рзБржХ,8
ржмрж╛ржЬрж╛рж░рзЗрж░,8
ржЪрж┐ржХрж┐рзОрж╕,8
ржпрзЗржоржи,8
ржЖржЗржирзЗрж░,8
ржирж┐рждрзНржп,8
ржжрзВрж░,8
рж▓рж╛ржн,8
ржЖрж▓рж╛ржЗржХрзБржо,8
ржмрж┐рж╖ржп,8
ржЬржи,8
рж╣рж╛рж╕,8
ржорзБрж╣рж╛ржорзНржоржж,8
ar,8
Good,8
10,8
ржХржм,8
ржорзЛрж╣рж╛ржорзНржоржж,8
Yunus,8
рж╕ржВржмрж┐ржзрж╛ржи,8
ржжрзБржЗ,8
рждрзБржо,8
dr,8
рж╕рзБржпрзЛржЧ,8
ржирзЗржд,8
ржЬрж╛ржи,8
ржЦржХрзНрж╖рждрж╛ржп,8
ржХрж░рж▓,8
ржЖрж░ржУ,8
ржЭрж╛ржб,8
ржЖржирж╛рж░,7
ржкрзНрж░рж╢рж╛рж╕ржи,7
ржжрзЛрж╕рж░ржжрзЗрж░,7
ржЖржУрждрж╛ржп,7
ржирзЗржп,7
ржкрзНрж░ржмрж╛рж╕рзАржжрзЗрж░,7
ржХрж░ржЫрзЗржи,7
ржмрж╣рж┐рж╖рзНржХрж╛рж░,7
ржкрж╛ржЪрзНржЫ,7
ржЗрж╕рж▓рж╛ржорзЗрж░,7
ржкрж╛рж░ржмрзЗржи,7
hasinar,7
рж░рж╛рж╖рзНржЯрзНрж░,7
lig,7
рждрж╛ржХ,7
u,7
рж╢рж╛рж╕ржи,7
ржпрзЗржд,7
ржмрж╛ржВрж▓рж╛ржжрзЗрж╢ржХ,7
apni,7
рж╖ржбрж╝ржпржирзНрждрзНрж░,7
рзй,7
ржирж╛ржо,7
ржЪрж╛рж▓рж┐ржп,7
ржирж┐ржЬрзЗрж░,7
ржжрзЗрж╢ржЯ,7
want,7
ржжрзЗржУржпрж╝рж╛рж░,7
ржжрж╛ржжрж╛ржХ,7
рж░рж╣ржорж╛ржиржХ,7
desh,7
рж╕рзНржмрзИрж░рж╛ржЪрж╛рж░рзЗрж░,7
ржерж╛ржХрж▓,7
рждрж╛рж░рзЗржХ,7
ржиржЬрж░рзБрж▓,7
ржорж╛рж╢рж╛ржЖрж▓рзНрж▓рж╛рж╣,7
ржерж╛ржХрзБржи,7
ржпржорзБржи,7
age,7
ржлрж╛рж░рзБржХрзЗрж░,7
ржпрж╛ржЪрзНржЫ,7
ржнрж╛рж▓рзЛржмрж╛рж╕,7
ржпрж╛ржд,7
in,7
ржЗржЙржирзБрж╕рзЗрж░,7
ржирж┐рж░рж╛ржкрждрзНржд,7
ржЬрзЗрж▓,7
ржЖрж╕рж╕рж╛рж▓рж╛ржо,7
jindabad,7
ржЖржЬ,7
ржмрж┐ржнрж╛ржЧ,7
ржЕржкрж╕рж╛рж░ржи,7
ржЧрж░рж┐ржм,7
no,7
India,7
ржЕржпрзЛржЧрзНржп,7
a,7
ржЖржм,7
is,7
ржЪрж╛ржЪрж╛ржХ,7
Joy,7
ржПржЦрж╛ржи,7
ржмржЩрзНржЧржмржирзНржзрзБржЬржп,7
ржорж╛ржорж▓,7
der,7
upodesta,7
for,6
рж╕рж╣рж╛ржп,6
thik,6
ржмрж┐ржжрзЗрж╢,6
ржХржорж┐рж╢ржи,6
рж╕,6
рж▓рзБржЯ,6
ржШрзЛрж╖ржг,6
ржкрж░рж┐рж╖ржжрзЗрж░,6
ржЖржк,6
ржЫрзЛржЯ,6
nirbachon,6
ржЬрж┐ржирж┐рж╕рзЗрж░,6
nai,6
ржмрж┐рж░рзБржжрзНржз,6
ржХрж┐рж╕рзЗрж░,6
рж╢ржХрзНржд,6
ржЬржпрж╝ржмрж╛ржВрж▓,6
We,6
ржирж┐рж░рж╛ржкржж,6
hasina,6
ржкржжржХрзНрж╖рзЗржк,6
ржкрж╛ржЦ,6
ржПржжрзЗрж░,6
ржжрзЛрж╕рж░,6
рж╢рж╣рзАржж,6
ржлрзЗрж░рж╛ржЙржи,6
рж╕рзБржжржЦрзЛрж░,6
ржЦрзБрж╢,6
ржЖрж▓рзБрж░,6
Hasina,6
ржЧрзНрж░рж╣ржг,6
ржжрж╛ржпрж╝рж┐рждрзНржм,6
ржжрзЛржп,6
ржирзЗржХ,6
ржЕрж╕ржВржЦрзНржп,6
salute,6
рж╢рзГржЩрзНржЦрж▓,6
рж╣рждрзНржп,6
ржЬржиржЧржирзЗрж░,6
ржорзЗржпрж╝рж╛ржж,6
ржмрж┐ржЪрж╛рж░рзЗрж░,6
ржпржд,6
ON,6
Murgi,6
рж╕ржмрж╛рж░,6
ржЙржирзНржиржпрж╝ржи,6
ржУрж░,6
рж╕ржВржЦрзНржп,6
ржмрж┐ржЬржп,6
ржЪрж╛ржЗржкрж┐ржирж╛ржХ,6
ржкрже,6
best,6
рж╕рзИрж░рж╛ржЪрж╛рж░,6
ржХрж┐ржЫрзБржЗ,6
ржХрзЗржЬ,6
рж▓ржХрзНрж╖,6
ржкрж╛рж░рж▓,6
рж╣рзЗржлрж╛ржЬржд,6
ржмрж┐рждрж░рзНржХрж┐ржд,6
ржзрзНржмржВрж╕,6
ржнрзЛржЯрзЗрж░,6
ржЕржмрж╕рзНрже,6
ржЯ,6
рж╣ржЙржХ,6
ржнрзБрж▓,6
awami,6
ржорзБрж▓рзНржпрзЗрж░,6
ржХржоржкржХрзНрж╖,6
ржмрзОрж╕рж░,6
ржЪрж╛ржБржжржкрзБрж░,6
ржЦрзЗржп,6
alhamdulillah,6
ржЗржЙржирзВрж╕рзЗрж░,6
ржЬрж╛ржирж╛ржЗ,6
ржнрж╛рж╖ржг,6
ржирж┐рж░рзНржмрж╛ржЪрж┐ржд,6
ржжрж╛рж▓рж╛рж▓,6
ржЗржирзНржбрж┐ржп,6
comment,6
ржЦрж░ржЪ,6
ржЙржкржжрзЗрж╖рзНржЯрж╛ржжрзЗрж░,6
ржирж╛ржХ,5
ржЬрж┐ржирж┐рж╕,5
ki,5
ржЗрж╕рж▓рж╛ржорж┐ржХ,5
100,5
reforms,5
рж╣рзЛрж╕рж╛ржЗржи,5
ржпрж╛ржмрзЗржи,5
ржмрж┐ржПржиржкрж┐ржУ,5
ржмрзИрж╖ржорзНржп,5
Go,5
35,5
ржорж╛рж░рзНржХ,5
ржкрж╛ржУржпрж╝рж╛рж░,5
ржЪрж╛ржХрж░,5
pinaki,5
ржирзЗржЯржУржпрж╝рж╛рж░рзНржХ,5
ржкрж╛ржЪ,5
ржЕржмрж┐рж░рж╛ржо,5
ржЫрж╛ржб,5
ржЕржирзБржкрж╛ржд,5
HASINAR,5
ржкрзЗржпрж╝рзЗржЫ,5
JAIL,5
ржЖрж╕рзБржХ,5
pore,5
very,5
рж╕ржорж╕рзНржп,5
ржорзЛржмрж╛ржЗрж▓,5
рж▓рж╛ржЦ,5
ржмрж╕,5
ржЫрж╛рждрзНрж░ржжрзЗрж░,5
ржЫ,5
рзорзж,5
ржЙржирзНржиржд,5
ржлрж┐рж░рж┐ржп,5
ржорж╛ржиржм,5
ржЕржирж▓рж╛ржЗржи,5
ржЬрж╛ржорж╛рждржХ,5
ржмрзНржпрж╛ржкрж╛рж░,5
ржЖржУржпрж╝рж╛ржорзАрж▓рзАржЧрзЗрж░,5
рж╕рж╛ржорж░рж┐ржХ,5
korun,5
ржорж┐ржерзНржп,5
nice,5
ржорж╣рж╛ржи,5
ржкрзНрж░ржмрж╛рж╕,5
ржкрж╛рж╕ржкрзЛрж░рзНржЯ,5
рж╕рж╣ржоржд,5
рж╕ржмрж╛ржЗржХ,5
рж╕рзМржж,5
ржорж╛ржа,5
ржЖржиржд,5
рж╕рждрзНржп,5
ржЖржХржмрж░,5
рж╕рж╣ржЬ,5
ржмрж╛рж░ржмрж╛рж░,5
ржмрзНржпрж╛ржВржХ,5
Turkey,5
ржЪрзЗрж╖рзНржЯ,5
рж▓рж╛ржЗржн,5
ржирзЗржи,5
рж╕рзЗржЯ,5
ржкрж╛рж░рзЗржи,5
рж╕рж╛ржоржи,5
рж╣рж╛рж░,5
down,5
ржЙ,5
ржЪрж╛ржХрж░рж┐рж░,5
ржирж╛рж╣,5
kono,5
рждрзНржпрж╛ржЧ,5
ржкржжрзНржзрждрж┐ржд,5
ржЬрж░рзБрж░,5
ржЬрзЛрж░,5
ржЪрж╛рж▓,5
ржирж┐рж░ржкрзЗржХрзНрж╖,5
рж░рж╛рж╖рзНржЯрзНрж░ржкржд,5
ржкрзНрж░ржпрж╝рзЛржЬржирзАржп,5
election,5
ржЖржЫрзЗржи,5
ржзрж░ржирзЗрж░,5
ржмрж▓ржд,5
ржЦрзЗрж▓рж╛ржлржд,5
ржХрж╛рж░ржи,5
ржкрзНрж▓рж┐ржЬ,5
ржЖрж╕рж╛рж░,5
рж╢рж╛рж╕рзНржд,5
ржЪрж╛ржЗржи,5
рж╕ржВрж╕рзНржХрж░ржг,5
ржкрзНрж░рждрзНржпрзЗржХржЯ,5
ржирзЗрждрзГрждрзНржм,5
ржПрж░ржХржо,5
ржЖрж╕рзБржи,5
tor,5
with,5
harpic,5
рж░рж╛ржЬржирзАржд,5
khuni,5
ржЖрж▓рзНрж▓рж╛рж╣рж░,5
рж╕ржорж╛ржзрж╛ржи,5
ржорзЛрж╕рзНрждржл,5
рж╕ржлрж▓ржд,5
ржжрзЗрж╢ржмрж╛рж╕,5
рж╢рзБрж░,5
ржмрж░рзНрждржорж╛ржи,5
рж╕рж╛рж▓рж╛ржо,5
i,5
ржЗрж╕ржХржи,5
t,5
from,5
ржХрж╛рж░рзНржпржХрзНрж░ржо,5
ржЗ,5
ржлрзЛржХрж╛рж╕,5
рж▓рж┐ржЧ,5
рж╕рзНржмрж╛ржзрзАржиржд,5
ржмрж▓ржЫрзЗржи,5
ржмржЩрзНржЧржмрж▓рзНржЯ,5
ржХржд,5
ржХржарзЛрж░,5
ржкрзНрж░рж┐ржп,5
ржмрж╛ржБржЪрж╛ржУ,5
рж╕рж╛рж▓,5
fasi,5
ржХрж╛ржХ,5
рж╣рж╛рж░ржкрж┐ржХрж▓рзАржЧ,4
ржнрж╛рж░рждрзАржп,4
ржжрзЗржм,4
рж╕ржорж░рзНржержи,4
ржХрж╛ржи,4
ржпрзЗржЗ,4
рж░рзЗржорж┐ржЯрзНржпрж╛ржирзНрж╕,4
ржЪрж╛ржБржжрж╛ржмрж╛ржЬ,4
ржорж╣рж╛ржЬржи,4
sob,4
ржЪрж╛рж▓рж╛ржи,4
ржЕржирзБржпрж╛ржп,4
ржПржЬрзЗржирзНржЯ,4
Right,4
рж╕рж╛ржзрж╛рж░ржи,4
ржЬрж╛рждрзАржпрж╝рждрж╛ржмрж╛ржж,4
рзкрзж,4
ржЧржи,4
jan,4
ржЫрзЗржб,4
ржУржжрзЗрж░,4
take,4
ржПрж╕ржм,4
рж╕рзНржпрж╛рж░рзЗрж░,4
ржзрж╛ржирзЗрж░,4
ржпрж╛ржЗ,4
afsos,4
ржмрж┐ржЧржд,4
ржХрж░рзНржо,4
9,4
ржЯрж┐ржнрж┐рж░,4
рж╣ржЯрж╛ржУ,4
ржЕрж╕рж╛ржзрж╛рж░ржг,4
ржжрзАрж░рзНржШ,4
ржХрзЗржоржи,4
ржЬрж┐ржирж┐рж╕ржкрждрзНрж░рзЗрж░,4
fashi,4
ржЙржЪрж┐рзО,4
ржжрзБрж░рзНржирзАрждрж┐рж░,4
ржкрж╛ржп,4
рж╢рзАрж╖,4
ржПржХржорж╛рждрзНрж░,4
Amin,4
рж╢ржХрзНрждрж┐рж╢рж╛рж▓,4
sathe,4
ache,4
ржЖржкрж╛рж░,4
jonno,4
рж▓рзБржЯржкрж╛ржЯ,4
job,4
ржХрж╛ржЙржХ,4
amra,4
ржкрж╛ржХ,4
ba,4
ржЖрж╕рж▓,4
be,4
bichar,4
ржЙржжрзНржжрзЗрж╢рзНржп,4
ржмрж╛ржБржЪрж╛ржи,4
JOY,4
ржмрж┐ржХрж▓рзНржк,4
free,4
vai,4
ржХрж░рждрзЗржЫ,4
ржЯрзНржпрж╛ржХрзНрж╕,4
рж╕ржоржирзНржмржпрж╝ржХ,4
ржмржпрж╝ржХржЯ,4
ржХрж▓рзНржпрж╛ржг,4
Please,4
ржмрж╛ржЬ,4
ржорж╛ржзрзНржпржо,4
ржорж╛ржорзБржи,4
рж░ржпрж╝рзЗржЫ,4
chor,4
24,4
our,4
ржбрж╛ржХрзНрждрж╛рж░,4
pay,4
рзлржмржЫрж░,4
Love,4
рзм,4
ржХрзЛржерж╛ржп,4
ржлрзНржпрж╛рж╕рж┐ржмрж╛ржжрзЗрж░,4
ржЖрж╕ржд,4
ржПржЯрж╛рж░,4
so,4
ржерж╛ржХржмрзЗржи,4
time,4
ржЫрж╛рждрзНрж░рж╢рж┐ржмрж┐рж░,4
ржорж╛рж╢рж╛рж▓рзНрж▓рж╛рж╣,4
unus,4
ржорзБржХрзНрждрж┐ржпрзБржжрзНржзрзЗрж░,4
рждрзЛржжрзЗрж░,4
ржЪрзЗржп,4
up,4
ржЬрж╛ржорж╛ржпрж╝рзЗржд,4
ржЧрзБрж▓рзЛржХ,4
ржмрзНржпрж╛ржмрж╕рзНрже,4
ржпрж╛ржУржпрж╝рж╛рж░,4
ржкрж╛рж░ржм,4
ржЧржгрж╣рждрзНржпрж╛рж░,4
рж╕ржирзНрждрзНрж░рж╛рж╕,4
ржХрж░рждрзЗржЫрзЗржи,4
apnar,4
Thank,4
рж╕рзНржпрж╛рж▓рзБржЯ,4
рж╣рзЛржи,4
рж╕рзНржмрж╛рж╕рзНржерзНржп,4
ржкрж╛ржХрж┐рж╕рзНрждрж╛ржи,4
TOP,4
ржЖржУржпрж╝рж╛ржорж┐рж▓рзАржЧ,4
рж╕рзГрж╖рзНржЯ,4
ржХрзНрж╖ржорждрж╛рж░,4
рж╕рж░,4
ржжрж┐ржирзЗрж░,4
ржЬрзНржмрж╛рж▓,4
ржжрзЗржпрж╝рж╛рж░,4
ржХрж┐ржВржм,4
ржЯрж╛ржХрж╛рж░,4
ржЫрж┐рж▓рж╛ржо,4
not,4
рж╕рзНрж▓рзЛржЧрж╛ржи,4
рж░рж╛ржЦрзЗржи,4
cdi,4
рж╣ржХ,4
ржЬрзАржмржи,4
r,4
ржпрж╛ржУ,4
bal,4
ok,4
ржЬрж╛ржорж╛рждрзЗрж░,4
ржЬржиржд,4
рж╢рзБржнрзЗржЪрзНржЫ,4
ржЬржбрж╝рж┐ржд,4
рж╢рж┐ржХрж╛рж░,4
jamat,4
ржоржУржХрзБржл,4
ржЖржХржмрж╛рж░,4
рж▓ржЬрзНржЬ,4
ржмрзНржпрж╛рж░рзНрже,4
apnara,4
aro,4
ржирж┐ржЬ,4
ржЦрзБржЬ,4
рж╣ржЗрж▓,4
ржжрзЗржЦржмрзЗржи,4
рж╣ржпрж╝ржи,4
рж╣рж╛рж╕рж┐ржирж╛ржХ,4
ржЖрж╣рждржжрзЗрж░,4
ржПржЯрж╛ржЗ,4
ржжрж┐ржЪрзНржЫрзЗржи,4
ржХржарж┐ржи,4
ржХрж╛ржарж╛ржо,4
pls,4
ржЧрзБрж░рзБрждрзНржм,4
bangladesh,4
рж╕рж░рзЛржпрж╝рж╛рж░,4
bosir,4
рж╕рж╛рж╣рзЗржмржХ,4
ржжрж╛ржп,3
ржжрзНрж░ржмрзНржпржорзБрж▓рзНржп,3
ржЖрж▓рж╛ржк,3
ржЗржЪрзНржЫ,3
ржжрж╛рж░,3
ржкрзАрж░,3
ржкрж╛ржЗржи,3
Zindabad,3
biplobe,3
ржЫрж╛рждрзНрж░ржжрзЗрж░ржХ,3
ржЬржирзНржо,3
ржжрзЗрж╢ржкрзНрж░рзЗржорж┐ржХ,3
рж╕рзНржмрж╛ржзрзАржи,3
ржХрж╛ржпрж╝рзЗржо,3
ржЪрж┐ржирзНржд,3
kharap,3
ржЕрждрзНржпрж╛ржЪрж╛рж░,3
рж╕ржлрж▓,3
рж▓рж╛ржЧржЫ,3
ржкрж░рзЗржУ,3
green,3
ржЕржнрж┐ржиржирзНржжржи,3
рзлрзй,3
ржорзВрж▓рзНржпрзЗрж░,3
need,3
ржорж┐рж▓,3
ржЧржг,3
ржЛржг,3
imam,3
mojumder,3
it,3
soho,3
ржЙрж░рзНржзржЧржд,3
ржЦрзБржирж┐ржжрзЗрж░,3
Valo,3
ржкржжрзНржзржд,3
ржирж╛ржЧрж░рж┐ржХ,3
ржЫрж╛ржП,3
jon,3
рж╕рж╛ржЬрж╛ржи,3
onsider,3
рж╢рж╛рж╕рзНрждрж┐рж░,3
oposaron,3
ржПржжрзЗрж░ржХ,3
ржкрзНрж░рждрж┐рж╖рзНржа,3
ржЖржжрж╛рж▓ржд,3
ржжрж╢,3
ржнрж╛ржЩрзНржЧ,3
ржЖрж╣ржд,3
bochor,3
ржмрж┐ржнрж┐ржирзНржи,3
ржирж┐ржпрж╝рзЗржЫ,3
e,3
ржЖрж╕рзНрже,3
ржЕржкрзЗржХрзНрж╖,3
ржирж┐ржпрж╝ржо,3
ржЬрзАржмржирзЗрж░,3
ржХрж▓рзЗржЬ,3
ржмрж▓рзБржи,3
ржнрзВржорж┐ржХ,3
nirbacon,3
ржирж╛рж╕рзНрждрж┐ржХ,3
ржЧрзНрж░рж╛ржорзАржи,3
рж╕рзБржжрзЗрж░,3
ржкрзНрж░рж╕рзНрждрзБржд,3
ржЧржбрж╝рж╛рж░,3
ржпрж╛ржжрзЗрж░,3
shonskar,3
ржЖржорж╛ржжрзЗрж░ржЗ,3
ржЗржирж╢,3
ржкрж╛рж▓рж┐ржп,3
ржнржп,3
рж╕ржмржХрж┐ржЫ,3
akta,3
Apnake,3
ржХрж░рзНржоржХрж╛ржирзНржб,3
don,3
ржмрж┐ржмрзЗржХ,3
ржЙржжрзНржжрж┐ржи,3
ржЖржп,3
рж╣рж┐рж░,3
рж╢рзБржиржм,3
рж╣рзБржЧ,3
ржмрж╛ржХрж╢рж╛рж▓,3
ржЖрж▓,3
рж╕рж░рж╛ржи,3
рж▓рж╛ржиржд,3
ржкрзБрж░,3
ржЦрзЗржд,3
рж╣рзЛрж╕рзЗржиржХ,3
ржмржжрж▓,3
ржорж┐ржЯрж╛рж░,3
ржнрж╛ржб,3
рждрзИрж░,3
ржмрж┐рж░рзЛржз,3
ржЕржкрж░рж╛ржз,3
рж╢рзНрж░ржжрзНржз,3
fire,3
ржЕржкрж░рж╛ржзрзЗрж░,3
nki,3
ali,3
bongoboltu,3
ma,3
ржЪрзЛрж░,3
ban,3
рж╢рзБржиржд,3
ржмрж╛ржмрж░рзЗрж░,3
ржжрж╛ржорзЗрж░,3
рж╢рж╛ржирзНржд,3
ta,3
ржмрж╛ржирж┐ржп,3
ржШрзБрж╖,3
ржЖржирзНржжрзЛрж▓ржирзЗрж░,3
ржЖржЧрж╛ржорзАрж░,3
рзнрзз,3
ржмрзНржпржмрж╣рж╛рж░,3
ржХрж┐рж╢рзЛрж░ржЧржЮрзНржЬ,3
akhon,3
v,3
jiniser,3
dam,3
ржЧрж░рж┐ржмрзЗрж░,3
keno,3
ржнрзВржп,3
ржЯрзНржпрж╛ржЧ,3
thaken,3
ржкрж░рж╛ржЬрж┐ржд,3
jonogon,3
рж╣рж╛рж▓,3
mare,3
islam,3
рззрзпрзнрзз,3
ржУржХ,3
sorkar,3
ржЯржпрж╝рж▓рзЗржЯ,3
ржЫрж╛рж░,3
рзирзжрзирзк,3
ржорж╛рждрзНрж░,3
ржирзЗржо,3
ржПржи,3
sudi,3
ржкрж╛ржЗ,3
рж╕рзЗржирж╛ржмрж╛рж╣рж┐ржирзАрж░,3
ржирж╛рж░рж╛ржп,3
jamaat,3
ржХржЗрж░,3
ржкрзНрж░рждрж┐ржмржирзНржз,3
will,3
scale,3
ржорзБржЦ,3
ржмрж▓рж▓,3
рж▓рж╛ржЧрж▓,3
rajakar,3
Election,3
ржПрж╕,3
NO,3
ржЫрзЗрж▓рзЗрж░,3
рж╕рзЗржХрзНржЯрж░,3
рж╕ржирзНрждрж╛ржи,3
ржРржХрзНржп,3
Muhammad,3
bhai,3
ржкрзНрж░рждрзНржпрж╛рж╢,3
ржорж┐ржбрж┐ржп,3
tader,3
korte,3
ржЪрж╛ржУржп,3
ржжрзНржмрж╛рж░,3
your,3
ржмрж╛ржбрж╝рж┐ржп,3
ржЧрж┐ржп,3
ржкрж╛рж▓рж╛ржд,3
ржХржп,3
ржмрж┐рж╢рзНржмрж╛рж╕,3
ржорзЗрж░,3
рж╣ржЬ,3
рзи,3
reform,3
do,3
cakri,3
рж╕рзНржХрзЗрж▓,3
ржорж╛рж▓рзЗрж╢рж┐ржп,3
ржЙржирзНржиржпрж╝ржирзЗрж░,3
din,3
ржжрзАрж░рзНржШржЬрзАржм,3
ржмрж▓рзЗржЫрзЗржи,3
рждржм,3
ржЕрждрж┐ржжрзНрж░рзБржд,3
рж╕рж╛рж░рзЛржпрж╝рж╛рж░,3
ржмрж┐ржПржиржкрж┐рж░,3
ржжрж┐ржпрж╝рзЗржЫ,3
ржирзЛржмрзЗрж▓,3
ржкрж╛рж▓ржи,3
ржоржЬрж▓рж┐рж╕,3
ржЧ,3
ржЪрж▓ржм,3
ржЗржирж╢рж╛рж▓рзНрж▓рж╛рж╣,3
рззрзл,3
ржПржЯрж╛ржХ,3
Best,3
рж╕ржоржпрж╝рзЗрж░,3
ржнрж┐рждрж░,3
ржмрж╛ржк,3
ржХрзНрж▓рж╛рж╕,3
ржкрж░рзАржХрзНрж╖,3
рж╣ржУ,3
рж╕рзИржирж┐ржХ,3
ржЬрж┐ржпрж╝рж╛рж░,3
рж░рж╛ржЬрж╛ржХрж╛рж░,3
ржЯрж┐ржн,3
ржПржЗржЯ,3
рж╕рзНржмрж╛рж░рзНрже,3
ржкрж░рж╛ржорж░рзНрж╢,3
work,3
ржЦржд,3
ржЖржмрзЗржжржи,3
рж╕рзБржмрж┐ржз,3
ржЪрж▓ржд,3
ржЪрзБржкрзНржкрзБрж░,3
рж╕рзЗржирж╛ржкрзНрж░ржзрж╛ржи,3
ржмрж╛ржз,3
maire,3
ржорзГрждрзНржп,3
ржЪрж▓ржЫ,3
ржЖржЧрзЗрж░,3
ржПржХржЗ,3
ржнрж░рж╕,3
ржиржЬрж░рзБрж▓рзЗрж░,3
ржХржорж┐ржп,3
ржШрзБржо,3
ржЬржирзНржорзЗрж░,3
рж╕рждрзНржпрж┐ржЗ,3
dol,3
ржмрзЛржз,3
BAL,3
ржирж┐ржд,3
ржкрзНрж░рзЗрж╕рж┐ржбрзЗржирзНржЯ,3
hoy,3
kotha,3
diye,3
ржЪрж╛ржк,3
ржирзМржХрж╛рж░,3
ржкрзНрж░рж╢рзНржи,3
ржЖржорж╛ржжрзЗрж░ржХ,3
ржХрж╛ржЬрзЗрж░,3
ржЕржлрж┐рж╕,3
hote,3
Faruki,3
ржЧрзНрж░рзЗржлрждрж╛рж░,3
рж░рж╛ржЬржкрже,3
CHAIKHUNI,3
рж▓рж╛ржЧржм,3
ржмрж╛ржбрж╝рж╛ржи,3
ржХрзЗржЙ,3
or,3
ржЕржирзНрждрж░,3
рж╣ржмрзЗржи,3
ржнрж╛рж▓ржмрж╛рж╕,3
all,3
ржжрж▓ржХ,3
ржПржХржжрж┐ржи,3
ржкрзНрж░ржержо,3
рж╕ржорзНржорж╛ржи,3
ржпрж╢рзЛрж░,3
ржкрж╛рж░рзНржЯ,3
ржирж┐ржм,3
рж╣ржи,3
рж╕рж╣рж╛ржпрж╝ржд,3
рж╕рж╛рж░ржУржпрж╝рж╛рж░,3
ржлрж╛рж░рзБржХрж┐ржХ,3
ржорж╛рж▓ржжрзНржмрзАржк,3
ржЬ,3
ржпрзЛржжрзНржзрж╛ржжрзЗрж░,3
ржмрж╛рж╕,3
рж╕рж╛ржзрж┐ржи,3
ржкрзЗрж░рзЗржЫ,3
ржкрзНрж░рзЗржорж┐ржХ,3
ржЖржЬржХ,3
ржЕржирзНржпрж╛ржп,3
ржжрж┐рж▓рзЗржи,3
ржЪрзЗржпрж╝рж╛рж░ржорзНржпрж╛ржи,3
ржжрж┐ржЪрзНржЫ,3
ржерж╛ржХрзБржХ,3
500,3
ржмрзЗржХрж╛рж░рждрзНржм,3
рж╕ржВрж╖рзНржХрж╛рж░,3
рж╣рзЗржбрж╛рж░,3
ржпрзЛржжрзНржз,3
ржкрж╛ржмрзЗржи,3
ржорж╛ржлрж┐ржп,3
рж╕рж░рж┐ржп,3
ржХрж░рж╛ржд,3
ржирж┐ржи,3
leader,3
tk,2
ржХржорж┐ржЯ,2
рж▓рж┐ржЦ,2
government,2
ржорзБрж▓,2
onak,2
ржзрзИрж░рзНржп,2
Comments,2
ржирж┐ржмрзЗржи,2
wow,2
ржХрзБржУрж╛рж▓рзАржЧ,2
uk,2
ржирж┐ржпрж╝рзЛржЧрзЗрж░,2
рж╕рж╛ржмржзрж╛ржи,2
ржиржУрж░рзНржмрж╛ржЪржи,2
joggo,2
party,2
jaindabad,2
Mohammad,2
ржУржкрж░,2
ржЕрж░рзНрже,2
ржЕржмрж╢рзНржпржЗ,2
рж░рж╛ржЬрж╕рзНржм,2
Bongoboltu,2
yrs,2
ржЖрж╕рзНржд,2
рж╕рзБрж╖рзНржа,2
thakun,2
ржЖрж░ржм,2
ржХрзЗржЯ,2
ржЙржарзЗржЫ,2
ржжрзЗрж╢ржЯрж╛ржХ,2
ржЬрж╛ржпрж╝ржЧрж╛ржп,2
ржЗржЙржирзБржЫ,2
рж╕рзЛржи,2
рж▓рж╛рж╕,2
ржнрзЗржЧрж╛рж╕,2
ржжрж╛ржЧ,2
ржХрзНрж╖ржд,2
August,2
ржЗрж▓рзНрж▓рж╛рж▓рзНрж▓рж╛рж╣,2
ржЗрж▓рж╛рж╣,2
ржжрзБрж░рзНржмрж┐рж╖рж╣,2
team,2
ржЬрзАржмржиржпрж╛рждрзНрж░,2
ржЦрж╛ржУржп,2
ржЦрзЗржЯ,2
ржжрж┐ржиржоржЬрзБрж░,2
ржЦрж╛рждрзЗрж░,2
ржжрж░рж┐ржжрзНрж░,2
ржкрж┐ржЫрж┐ржп,2
ржУржирж╛ржХ,2
рж░рж╣ржорж╛ржирзЗрж░,2
ржЬрзЗржи,2
ржмрзИржж,2
ржЖрж╕ржмрзЗржЗ,2
ржкржжрждрзНржпржЧ,2
ржмрж┐рж╖,2
student,2
ржорзБржХрзНрждрж┐рж░,2
рж╕рж╣ржХрж╛рж░,2
ржмрж╛ржЯржкрж╛рж░ржжрзЗрж░,2
ashuk,2
ржкрзБржирж░рзНржмрж╛рж╕ржи,2
рж╣ржУржпрж╝рж╛рж░,2
ржХрж░рждрзЗржЗ,2
рзнржЯ,2
ржкрж┐ржЖрж░,2
shut,2
ektu,2
jate,2
Pakistan,2
out,2
ржмрзИрж╖ржорзНржпрзЗрж░,2
pare,2
рж╢рзНрж░,2
ржпржерж╛ржпрже,2
dhormio,2
ржкрзЛржжрж╛ржп,2
рзйрзи,2
ржзрж░рзЗржи,2
ржмрж╛рж╣рж┐ржи,2
рж╕ржорзНржкрзВрж░рзНржг,2
ржЪрзБржХрзНржд,2
ржЖрж╢рж╛рж░,2
ржмрзНржпрж╛ржВржХрзЗрж░,2
рж╕рзНржмрзИрж░рж╛ржЪрж╛рж░рзАрж░,2
ржорзБржжрзНрж░рж╛рж░,2
ржжрж▓рзАржп,2
ржХрж╛ржЬржЗ,2
ржнрж╛ржд,2
ржорзБржХрзНрждрж┐ржпрзЛржжрзНржз,2
рззрзжрзжрзж,2
ржжрзЗржЦржм,2
рж╕рж░рж╛рж╕рж░,2
ere,2
sudd,2
boycot,2
ржзрж╛ржи,2
ржПржоржк,2
long,2
kora,2
рждрж╛ржд,2
ses,2
office,2
every,2
ржжрзБрж░рзНржирзАрждрж┐ржд,2
ржнрж░рж┐ржп,2
kew,2
ржорж░ржЫ,2
рж╕ржирзНрждрж╛ржирзЗрж░,2
only,2
please,2
ржЪрж╛ржЪрзНржЫ,2
stay,2
рж╕рзНрж▓,2
ржЙржкржХрж╛рж░,2
рж░ржХрзНржд,2
рж╣ржЗржЫ,2
рж╕рж╛ржИржж,2
ржмрзАрж░,2
ржЪрзЗржпрж╝рж╛рж░,2
students,2
mr,2
ржЫрж┐ржбрж╝ржЫрзЗржи,2
ржиржорзНржмрж░,2
ржХржирзЛржХ,2
рж░ржХржо,2
рж╕рж╛рж▓рзЗрж░,2
mar,2
ржкрзЗржп,2
ржЬрзБржп,2
ржорзВрж▓ржХ,2
podo,2
ржХрзГрж╖,2
ржмрж╛ржЬрзЗржЯ,2
ржлрзЗрж░ржд,2
ржкрж╛ржпрж╝ржи,2
ржзрж░рзНржорзАржп,2
рждрж╛ржХржмрж┐рж░,2
ржкрж░рж┐ржмрж╛рж░,2
рж╕рж╛рж╣рж╛ржпрзНржп,2
share,2
product,2
hero,2
ржЧрждрж╛ржирзБржЧрждрж┐ржХ,2
ржЦрзЛрж▓,2
who,2
ржЖржкрж╕рзЛрж╕рж▓рзАржЧ,2
ржЦрж╛ржм,2
Farooq,2
ржХржмрж░,2
ржмрж╛ржХ,2
рзйрзл,2
anynews24,2
ржорж╛ржорж▓рж╛рж░,2
always,2
ржпрж╛рж░ржЬ,2
de,2
satro,2
ржмржпрж╝рж╛ржи,2
ржЫрж╛ржЗ,2
ржЪрзЛржЦ,2
рж╕рж░рж╛ржд,2
lagbe,2
ржнрж╛ржЗржХ,2
ржлрж╛рж░рзБржХржХ,2
ржмрж╛ржВрж▓рж╛ржп,2
ржзржВрж╢,2
рж╕рзБрж╕рзНрже,2
ржХрж╛рж▓рзАржи,2
рждрзБрж▓рзБржи,2
рж▓рж╛ржЧржмрзЗржи,2
ржкрзНрж░ржпрж╝рзЛржЬржирж┐ржп,2
ржХржоржм,2
ржмрж╛ржбрж╝рж▓,2
ржирзЗржЯ,2
Dada,2
рж╢рзНрж░ржорж┐ржХржжрзЗрж░,2
ржЧрж╛рж░рзНржорзЗржирзНржЯрж╕,2
рж╣рж╛рж╕ржкрж╛рждрж╛рж▓рзЗрж░,2
ржирж┐ржзржи,2
ржкрзНрж░ржЪрж╛рж░,2
opodesta,2
mujib,2
ржЪрж┐ржи,2
рж╕ржВржЦрзНржпрж╛рж▓ржШрзБржжрзЗрж░,2
awamilig,2
political,2
speech,2
рзп,2
ржШрзЗржЙ,2
parties,2
ржЖржЬрзАржмржи,2
those,2
рж╕ржВржЦрзНржпрж╛рж▓ржШ,2
ржмржЩрзНржЧржмржирзНржзрзБрж░,2
ржУржирж╛рж░,2
ржЪрзБржк,2
рж▓рзАржЧржХ,2
ржмрж▓ржм,2
рж▓рзЛржХрзЗрж░,2
amin,2
ржЦрзБрж▓,2
ржмрж╛ржЪржд,2
ржпрзЛржЧ,2
ржирж┐рж▓,2
o,2
рзирзк,2
ржЙржирж╛рж░,2
ржЖржирзНрждрж░рзНржЬрж╛рждрж┐ржХ,2
ржПржорзНржмрж╛рж╕,2
great,2
рж╣рзАржи,2
ржорж╛ржирзЗрж░,2
ржкрж░рж┐ржХрж▓рзНржкржи,2
apner,2
man,2
ржжрзНрж░ржмрзНржпржорзВрж▓рзЗрж░,2
Bank,2
ржХрж┐ржи,2
ржиржмрзАрж░,2
ржмрж╛ржЩрж╛рж▓,2
ржмрзБржЭржм,2
ржпрзБржЧ,2
рж╕ржорж╕рзНржд,2
ржЪрзЛрж░рзЗрж░,2
Bazar,2
ржорж┐ржпрж╝рж╛ржЬрзАрж░,2
ржЖржжржирж╛ржи,2
ржарж╛ржЗ,2
bd,2
ржжрж┐ржЫрзЗржи,2
ржЧрзНрж░рзЗржЯ,2
ржорж╛рж╣рждрж╛ржмржХ,2
ржЧрж░рзНржм,2
рж░рж╛рж╕рзНржЯрзНрж░,2
ржмрж┐рж╢рзНржм,2
ржпрзБржжрзНржз,2
ржЕрж╕рждрзНржп,2
start,2
ржЪрж╛ржЗржм,2
рждрзБржЗ,2
ржПржнрж╛ржмрзЗржЗ,2
ржЬрж╛ржпрж╝ржЧ,2
ржХржорж╛ржмрзЗржи,2
must,2
ржорзБржЬрж┐ржмрзЗрж░,2
ржмрж╛ржВрж▓рж╛ржжрзЗрж╢ржЯ,2
ржЕржкрж░рж╛ржзрзАржжрзЗрж░,2
ржХрж░рзНржорж╕рзВржЪ,2
ржПрж╕рзЗржЫ,2
ржорж╛ржЯ,2
рж░рзЗржЦ,2
ржмрж┐рж╖ржпрж╝ржЯ,2
рждрзЛржорж╛ржжрзЗрж░,2
ржЪрж┐рж░,2
ржЬржирзНржоржжрж┐ржи,2
ржорзБрж╣рзБрж░рзНржд,2
ржкрзНрж░рждрж┐ржжрж╛ржи,2
ржХрзНрж╖рзЗрждрзНрж░,2
ржЗрж╕рж▓рж╛ржорзАрж░,2
рж╣рзЛржЧрж╛ржорж╛рж░,2
Jonno,2
ржЖрж╕рж╛ржо,2
ржмрж┐рж╢рзЗрж╖ржнрж╛ржм,2
moto,2
ржЧржирждржирзНрждрзНрж░,2
Professor,2
рж╢рзБржирж▓рж╛ржо,2
kaka,2
suner,2
ржорж╛ржЧрзАржжрзЗрж░,2
рж╕рзЛржирж╛рж░,2
ржЪрзБржкрзНржк,2
ржорж╛рж╣ржорзБржж,2
cude,2
vote,2
hotline,2
ржмрж╛ржЪрж╛ржи,2
ржорж╛рж▓,2
ржжрзЗржЦрж╛рж░,2
рж░рж╛ржЗржЦрзЗржи,2
more,2
ржХрж╛рж░рзНржпржХрж▓рж╛ржк,2
INDIA,2
chalu,2
ржЬржо,2
choor,2
zindabad,2
cng,2
рж░рзЛржб,2
younos,2
ржЙржарж▓,2
ржХрзЗржЗ,2
ржЫрж╛ржбрж╝ржм,2
ржХржорж╛ржирзЛрж░,2
ржХрж░рзНржоржЪрж╛рж░рзАржжрзЗрж░,2
ржЙрждрзНрждржо,2
now,2
рж╣рж╛рждржкрж╛ржЦ,2
jonogoner,2
ржкрзНрж░рж╛ржкрзНржд,2
ржзржВрж╕,2
ржХрж╛рж░рзНржпржХрж░,2
ржмрж┐ржирж┐ржоржп,2
ржиржнрзЗржорзНржмрж░рзЗржЗ,2
ржирзЗрждрж╛ржжрзЗрж░,2
khomotai,2
passi,2
ржжрж┐ржпрж╝рзЗржи,2
рж░рж╛ржЬрж╛ржХрж╛рж░ржжрзЗрж░,2
рж╢рж┐ржХрзНрж╖ржХржжрзЗрж░,2
рждрж╛рж░рзБржгрзНржпрзЗрж░,2
s,2
dite,2
ржПржжрзЗрж╢рзЗрж░,2
ржкржжрждрзНржпрж╛ржЧрзЗрж░,2
hok,2
рждрзЗрж▓рзЗрж░,2
ржжрзЗржЦржЫ,2
рж╣рж▓рзЗржУ,2
ржмрзЗрж░,2
dike,2
ржпрж╛ржжрзЗрж░ржХ,2
ржоржирзНржбрж▓,2
ржнрж╛ржЩржд,2
ржжрзЗржмржжрж╛рж╕,2
рж╢рзИрж░рж╛ржЪрж╛рж░,2
KHUNI,2
keo,2
CHAI,2
рждрж╛рж░рж┐ржЦ,2
ржЕржВрж╢ржЧрзНрж░рж╣ржг,2
рж╕рзНржЯрж╛ржЗрж▓,2
Boycott,2
ржЖрж▓рж╛ржж,2
ржЬржмрж╛ржм,2
ржЗржЙржирж┐ржпрж╝ржи,2
рж╢рзЗржпрж╝рж╛рж░,2
ржЖрж╕рж╕рж╛рж▓рж╛ржорзБржпрж╝рж╛рж▓рж╛ржЗржХрзБржо,2
ржЪрж╛рж░ржЯ,2
ржнржХрж░,2
Khelega,2
ржкрзНрж░рждрж┐ржирж┐ржпрж╝ржд,2
ржорж╛ржиржмржд,2
desher,2
plz,2
tnx,2
money,2
рж╕ржорзНржнржм,2
ржирзМржХрж╛ржп,2
Justice,2
batper,2
рждрж╛рж░рж╛рждрж╛рж░,2
ржжрзАрж░рзНржШржорзЗржпрж╝рж╛ржж,2
bivag,2
рззржХрзЛржЯ,2
рж╕рж┐ржжрзНржзрж╛ржирзНржд,2
dinajpur,2
ржЪржХрзНрж░ржмрж░рзНрждрзАрж░,2
ржПржЦрж╛ржирзЗржУ,2
ржкрзНрж░рждрж┐ржЯ,2
ржЗржорж╛ржо,2
ржмрж┐ржжрзНржпрзБрзО,2
ржмрзГрже,2
ржмрж┐рж▓,2
islami,2
ржкрзБрж▓,2
Koren,2
future,2
рж╕рж╛рж░рзНржмржнрзМржорждрзНржм,2
much,2
help,2
ржЖржЙржЯ,2
koi,2
рж╕рж░рзНржмрзЛржЪрзНржЪ,2
ржнрж┐рж╕,2
Sheikh,2
market,2
ржЕржмрзИржз,2
ржкрзНрж░рж╛ржгрзЗрж░,2
dekhte,2
ржХржирзНржа,2
ржЪрзЛрж░рж░,2
somoy,2
ржЪрзВржбрж╝рж╛ржп,2
R,2
ржШржЯржи,2
ржЕржирзНржп,2
Great,2
ржорзЗржи,2
ржЖржжрж░рзНрж╢,2
ржЬрж╛ржЧрзНрж░ржд,2
рж╢рзНрж░ржорж┐ржХ,2
ржкрж╛рж▓,2
ржарж┐ржХржЗ,2
ржкрзНрж░рждрж┐рж╣рж┐ржВрж╕,2
ржорж┐ржп,2
рж╕ржВрж╕рж╛рж░,2
ржЖрж▓рж╣рж╛ржоржжрзБрж▓рж┐рж▓рж╛рж╣,2
ржирзЛржпрж╝рж╛ржЦрж╛рж▓,2
ржирж┐ржпрж╝рж╛ржоржд,2
ржмрж┐ржжрзНржзрж╕рзНржд,2
ржорж╛ржиржмрждрж╛рж░,2
ржжрж╛ржб,2
ржлрзЗржи,2
ржорзБржЬрж┐ржм,2
ржкрж┐ржХрж╛ржи,2
ржкрзБрж░рзБрж╖,2
ржмрж▓рзНржЯ,2
ржЧржгрждржирзНрждрзНрж░,2
ржлрж╛рж░ржХ,2
ржЪрзЗржи,2
ржирзЗржкрж╛рж▓,2
ржирж┐рж░ржмрж╛ржЪржи,2
ржЬржиржЧржгржЗ,2
ржжрзГрж╖рзНржЯ,2
HASINA,2
MAGI,2
KHANKI,2
ржЧржирж╣рждрзНржп,2
ржЙрзОрж╕,2
ржорждржи,2
ржЧрзНрж░рж╛ржорзЗрж░,2
ржЬржд,2
batpar,2
ржЬрж╛ржирж╛ржи,2
ржЪржЯрзНржЯржЧрзНрж░рж╛ржо,2
No,2
kno,2
korle,2
decision,2
рззрзнрзнрзл,2
рж╕рж╛рж╣рж╕,2
рж░рж╛ржЦ,2
ржмржХрзНрж╕рзЗржЗ,2
housing,2
ржЖржУржпрж╝рж╛ржорж┐рж▓рзАржЧрзЗрж░,2
ржирзВрждржи,2
songskar,2
ржЪрзАржирзЗрж░,2
ржЕржирзБрждржкрзНржд,2
ржЖржХрзНрж╖рзЗржк,2
ржжрзЗржЦрж╛рж▓рж╛ржо,2
ржмрзНржпрждрж┐ржд,2
pola,2
ржмрж╛ржВржЧрж╛рж▓,2
ржмрзЗржБржЪ,2
ржмрж╛рж╕рзНрждржмрж╛ржпрж╝ржи,2
рж╕рзНржмрж╛ржзрзАржирждрж╛рж░,2
рж╕рждрж░рзНржХ,2
ржорж╛ржирзЗржЗ,2
ржЖржЪрзНржЫ,2
рж╣рж╛рж░ржлрж┐ржХ,2
ржмрж╛ржЩрж▓,2
Don,2
ржЪрзЗржпрж╝рзЗржЫрж┐рж▓рж╛ржо,2
рж░рж╛рж╖рзНржЯрзНрж░ржкрзНрж░ржзрж╛ржи,2
ржжрзЗржпрж╝ржи,2
ржнрж╛ржЗржпрж╝рзЗрж░,2
рж░рж╛ржЦрж╛рж░,2
kobe,2
ржЖрж╣ржмрж╛ржи,2
рж╢рзБржи,2
ржЙржкржжрзЗрж╖рзНржЯрж╛ржХ,2
BANGLA,2
рж╣рж╛ржп,2
Hasinar,2
Malaysia,2
ржорж┐ржирж┐ржорж╛ржо,2
ржЕржирзНрждрж░рзНржмрж░рзНрждрзАржХрж╛рж▓рзАржи,2
ржЖрж╣рзНржмрж╛ржи,2
onek,2
dise,2
mukto,2
ржШрж░,2
ржЖржУржпрж╝рж╛ржЬ,2
ржЪрж╛ржЗржд,2
ржкрж┐ржУ,2
roilo,2
рж╕рзЗржЬ,2
b,2
ржирж╛ржЯржХ,2
ржирж┐ржЬрзЗржХ,2
ржмрзЗржЪржд,2
ржЫржп,2
stand,2
ржпрж╛ржкржи,2
ржЖржЙржЯрж╕рзЛрж░рзНрж╕,2
ржХрзБрж░ржЖржи,2
ржоржирзЗрж░,2
hoye,2
рж░ржп,2
ржЧрзБржо,2
64,2
MRP,2
рж▓рзЛржХржжрзЗрж░,2
ржирж╖рзНржЯ,2
рждрж╛ржХржмрзАрж░,2
рж╢рзАржШрзНрж░ржЗ,2
ржХрж░рж┐рж╕,2
ржЖржлрж╕рзЛрж╕рж▓рзАржЧ,2
рж░рж╛рждрзЗрж░,2
рж╢,2
ржХржи,2
ржЙрждрзНрждрж░ржмржЩрзНржЧ,2
ржЪрж╛рж▓рж╛ржд,2
ржЖржпрж╝рзЛржЬржи,2
ржЖржкржирж╛ржжрзЗрж░ржХ,2
ржкрж╛ржЗржЫ,2
рж╣рзЛржЙржи,2
рж╕рж╛рж░рзНржмрж┐ржХ,2
ржирж┐рж▓рзЗржи,2
рж╣ржмрзЗржЗ,2
ржЖрж╣рждрж░,2
ржХржЪрзБржп,2
рж╕рж╛ржЪрж╛рж░,2
рж╕рзНржпрж╛рж░ржжрзЗрж░,2
ржкрзВрж░ржг,2
ржмрж░,2
рж▓рж╛ржЗрж╕рзЗржирзНрж╕,2
practical,2
рж░рж┐ржирж┐ржЙ,2
рж╣ржпрж╝рж░рж╛ржи,2
unos,2
ржХрж╛рж░рзАржжрзЗрж░,2
ржмрзНржпрж╛ржмрж╕рж╛ржпрж╝рж┐ржжрзЗрж░,2
рж╕рж╛ржм,2
ржмрж┐рж▓рзБржкрзНржд,2
HI,2
running,2
sai,2
how,2
рж╕рж╛рж░рж╛ржжрзЗрж╢,2
ржирж╛рж╕рзНржд,2
ржлрзНржпрж╛рж╕рж┐рж╕рзНржЯ,2
ржЕрж░рзНржЬржи,2
рж▓рж┐ржЧрзЗрж░,2
рж╢рж╛ржирзНрждрж┐ржд,2
ржзрж░ржд,2
ржирж╛рж░,2
ржЗржЙржирзБрж╕ржХ,2
рж╕ржоржХрж╛ржо,2
ржирзАржд,2
ржмрж╛ржб,2
ржЪрж╛ржЗржЫ,2
ржЬрж╛ржорж╛ржЗ,2
live,2
ржорждрж╛ржоржд,2
ржУржпрж╝рзЗржмрж╕рж╛ржЗржЯ,2
koira,2
ржЕржирзНрждржмрж░рзНрждрзАржХрж╛рж▓рзАржи,2
ржкрзНрж░ржмрж╛рж╕рзАрж░,2
ржпрж╛ржУржп,2
ржорж╛ржиржирзАржп,2
рждрзЗржоржи,2
amar,2
1,2
ржпрж╛ржЗржд,2
ржХрзНрж╖ржо,2
ржХрж╛рждрж╛рж░,2
ржпрзБржмржХржжрзЗрж░,2
kottalig,2
ржорзЗржп,2
ржЫрзЗрж▓,2
ржмрж╛ржирж╛ржд,2
ржорж╕ржЬрж┐ржжрзЗрж░,2
ei,2
ржкрждржи,2
dhonnobad,2
randia,2
рж╕ржорзНржкржирзНржи,2
ржЕржлрж▓рж╛ржЗржи,2
done,2
well,2
ржнрж░,2
jaroj,2
ржжрзБрж░рзНржмрж▓,2
рж▓рж╛рж▓,2
ржкрзНрж░ржмрж╛рж╕рж┐ржжрзЗрж░,2
ржЖржЧрзЗржЗ,2
ржЫрж╛рждрзНрж░рж▓рзАржЧрзЗрж░,2
ржШрж╛ржЯ,2
ржкрзНрж░рждрж┐рж╖рзНржарж╛ржи,2
ржкрж┐ржХ,2
ржПржнрж╛ржм,2
ржорзБржжрж┐рж░,2
ржкрж╛рж░ржЫрзЗржи,2
рж╕ржмржЪрзЗржп,2
ржЙржкржжрзЗрж╕рзНржЯ,2
bongobondhu,2
dhore,2
ржПржЗржмрж╛рж░,2
ржЦрзЗрж▓,2
ржкрзНрж░рждрж┐ржжрж┐ржи,2
рж░рж┐ржХрзНрж╕,2
рзирзж,2
ржкрзВрж░рзНржмрзЗрж░,2
ржЕржмрж╕рзНржерж╛ржи,2
TOPface,2
ржврж╛ржХ,2
ржл,2
ржпрзЗржнрж╛ржм,2
рж╕рзНржмрзИрж░рж╢рж╛рж╕ржХ,2
ржкрж╛рж░рждрзЗржЫ,2
ржкрж░рж┐рж╕рзНржерж┐ржд,2
рж╢рждрж╛ржВрж╢,2
ржЗржЙрж╕рзБржл,2
рж╕рж░ржУржпрж╝рж╛рж░,2
ржЖржорж╛ржирж┐рж▓рзНрж▓рж╛рж╣,2
corruption,2
ржХрж╖рзНржЯрзЗрж░,2
рж╣рж▓рзЗржи,2
рж╢ржХрзНрждрж┐ржХ,2
ржорзБржирж╛ржлрж┐ржХ,2
ржмрж▓рждрзЗржЫ,2
ржжрзГрж╢рзНржпржорж╛ржи,2
рж╕ржмржЬрж┐рж░,2
polaise,2
ржЪрж░ржорзЛржирж╛ржЗ,2
report,2
awamilegue,2
proti,2
Australia,2
back,2
sommukkhin,2
ржкрзНрж░рждрзНржпрж╛рж╣рж╛рж░,2
khotir,2
manush,2
ржмрж╛ржирж┐ржпрж╝рзЗржЫ,2
Harpic,2
jete,2
ржмрзНржпрж╛ржХрзНржд,2
chole,2
ржорж╛рж▓рж╛ржЙржи,2
Bashir,2
hey,2
╪з┘Д┘Д┘З,2
khor,2
ржЗржЙ,2
ржкрждрзНрж░рзЗрж░,2
ржорж╛рж╕рзНржЯрж╛рж░рзНрж╕,2
bosor,2
carry,2
ser,2
on,2
pagol,2
ржХрзБржорж╛ржи,2
ржЕржнрж╛ржм,2
ржЖржЗржЫ,2
Step,2
ржЦрзБрж░,2
ржЬрж╛ржиржд,2
welcome,2
ржЖржГрж▓рзАржЧ,2
proud,2
call,2
рзйрзж,2
ржкрзНрж░рж╛ржирзЗрж░,2
рждрж╛ржЬржХ,2
ржЕржВрж╢,2
ржпрждржжрж┐ржи,2
рж╕рзЛрж╣рзЗрж▓,2
рж╕рж░ржпрж╝рж╛рж░,2
рждрждржжрж┐ржи,2
ржЦрж╛рж▓,2
ржЧрзБржб,2
ржлрзБрж▓ржЭрзБрж░,2
ржкрж╛ржХрж┐рж╕рзНрждрж╛ржирзЗрж░,2
ржХржерж╛рж░,2
ржЦрж╛ржд,2
ржПржЧрзБрж▓,2
ржПржиржЬрж┐ржУ,2
ржирж┐рж░рзНржжрзЗрж╢,2
amader,2
рж╣рждрж╛рж╢,2
ржХржЪ,2
рж╕рж╛рж╣рзЗржмрзЗрж░,2
рж╣рждрзЗржЗ,2
рж╕ржХрзНрж░рж┐ржп,2
ржХрждржжрж┐ржи,2
рж╕рж░рзНржмржж,2
cha,2
ржкрж╛ржи,2
tara,2
ржкрж┐ржирж╛ржХрзАржп,1
ржмрж┐ржзрж╛ржп,1
ржЪрзМржХрж┐ржжрж╛рж░,1
ржкрзЗржирж╛ржХ,1
ржмрзЗржЪ,1
ржЦрзБржЬржд,1
janogoner,1
awesome,1
ржмрж╛ржЗржбрзЗржи,1
prokolopo,1
ржХрж░рждрзЗрж╕,1
hindu,1
ржмржирзНржзрзБрж░,1
bastobayon,1
cudi,1
Hindu,1
tnk,1
рждрж╛ржЗржпрж╝рзЗржм,1
correct,1
ржпрж╛ржЪрзНржЫрзЗржи,1
ржЙржирзНржирждрж┐рж░,1
ржЧрзНрз░рзНржпрж╛ржо,1
ржЫрзЛрж░,1
ржЖржЧрж╛ржм,1
ржмрж┐ржЪрж╛рж░рж░,1
ржмржжрж░рзБрж▓,1
FIRST,1
ржоржзрзНржпржмрж┐рждрзНржд,1
ржЙржкржжрзЗрж╢рждрзНрж░,1
рж╣ржУржХ,1
kurun,1
ko,1
false,1
ab,1
yunos,1
ржкрж░рж╛рж╢ржХрзНржд,1
ржоржирзНрждрзНрж░рзЗрж░,1
can,1
ржжрзЛрж╣рж╛ржЗ,1
ржмрзЗржЗржЬрзНржЬржд,1
bahar,1
kotga,1
Kuwait,1
nikal,1
ржмрж┐ржПржкржкрж┐ржХ,1
ржиржпрж╝ржд,1
ржмрж╛рж░рж╛ржмрж╛рж░,1
bai,1
come,1
Ho,1
versus,1
hocha,1
ржжрзБрж░,1
ржирж┐рж░рж╛ржкрждрзНрждрж╛рж░,1
FARUK,1
zero,1
three,1
nomaj,1
рждржирзНрждрзНрж░,1
shuye,1
abuhenarazzaki,1
dhanyvad,1
maijdee,1
ржкрж╛ржЪрж╛рж░,1
ржЕржнрж┐ржирзНржжржи,1
Apna,1
рждрзЛржХ,1
ржпрж┐ржи,1
ржЬржиржЧржгржХ,1
ржХржарж┐ржиржнрж╛ржм,1
ржЗрждрж╛рж▓,1
рж╣рзЛржд,1
ржЪрж┐ржХрж┐рзОрж╕рж╛рж░,1
рж╕ржЪрзЗрждржи,1
ржнржЯрзНржЯрж╛ржЪрж╛рж░рзНржпрзЗрж░,1
рж╕рзЗржжрж┐ржХ,1
ржЧрзЛржкрж╛рж▓ржЧржЮрзНржЬ,1
ржЦрж╛ржжрзНржпрзЗрж░,1
anomalies,1
ржЧрзБрж╖рзНржЯрж┐ржХ,1
ржорзВрж▓,1
ржПржоржмрж╛рж╕,1
рждрж╛ржб,1
ржмрж╛ржБрж╢рж┐рж░,1
ржЪрж╛ржи,1
sundor,1
ржжрзЗржЦрж╛ржЗржЫ,1
than,1
ржЖржирзНрждрж░рж┐ржХ,1
ржорзЗржорзНржмрж╛рж░,1
ржбрзЗржХрзЛрж░рзЗрж╢ржи,1
ржЬрж┐ржкрж╕рж╛ржо,1
рж░рзЛрж▓рзЗржХрзНрж╕,1
рждрж╛ржЗржи,1
ржжрж╢рзЗрж░,1
looked,1
рж╢рж╛рж╕рж┐ржд,1
ржмрж╛ржЩрзНржЧрж╛рж▓,1
second,1
рж╕ржнрзНржп,1
kota,1
after,1
рж╣ржЫ,1
ржЕржирж┐ржмрж╛рж░рзНржп,1
рж╕ржарж┐ржХржнрж╛ржм,1
ржЧрждрж┐ржмрж┐ржзрж┐ржд,1
umm,1
ржЬрзБрждрж╛рж░,1
ржХржоржд,1
ржПржоржмрзНржпрж╛рж╕,1
ржЖржкржиржХ,1
ржЕржмрж╕рзНржерж╛ржп,1
ржмржжрзНржз,1
exchange,1
ржорж╛рж▓ржпрж╝рзЗрж╢рж┐ржпрж╝рж╛рж░,1
ржЯрзБржХ,1
ржжрзЗржЦрж▓,1
ржПржЯрж▓рж┐рж╕рзНржЯ,1
ржмрзНржпржХрзНржд,1
рж╢ржмрзНржжржЯ,1
ржЖржЪржЫрж╛рж▓рж╛ржо,1
ржЬржорзБржи,1
ржЬрзБрж▓рж╛ржЗржпрж╝рзЗрж░,1
jaba,1
ржЬрж╛рж▓рж┐ржоржжрзЗрж░,1
ржирж╛ржЯрзНржпржХрж╛рж░,1
ржЖржЬржо,1
ржирзЛржпрж╝рж╛ржЦрж╛рж▓рзАрж░,1
рж╣рж╛рж╕рзБрж░,1
ржЖрж▓рзЛржо,1
ржорж╛ржзрзНржпржорж┐ржХ,1
ржЗрж▓рж┐ржпрж╝рж╛рж╕ржХ,1
ржЬржЧржирзНржп,1
ржмрж┐ржжрзНржпрж╛рж▓ржп,1
ржХрж░ржи,1
рзмрзмрзм,1
ржирж╛рж░рж╛ржпрж╝ржгржЧржЮрзНржЬ,1
aga,1
farooqui,1
рж╕рж╛ржкрзНрждрж╛рж╣рж┐ржХ,1
ржирж┐рж╖рзЗржз,1
ржЖржЧрзНрж░рж╛рж╕ржи,1
leadership,1
ржмрзНржпржмрж╕рж╛ржпрж╝рзАржжрзЗрж░,1
рждрж▓,1
first,1
officers,1
ржЪрж╛ржЗржпрж╝рж╛рж░,1
ржХрж╛ржЙржХрзЗржЗ,1
caise,1
jante,1
complete,1
ржмрзЗрж╕рж░ржХрж╛рж░,1
ржорзЗржбрж┐ржХрзЗрж▓,1
ржнржд,1
ржзрж░рзНржо,1
Assalamualykom,1
diche,1
ржмрж┐рж░ржд,1
ржмрзБржжрзНржз,1
рж░рзЛржЧ,1
рждрж╛ржорж┐ржжржжрзЗрж░,1
ржЧрзЛрж▓рж╛ржкрзЗрж░,1
bongla,1
ржкрзВржЬ,1
ржЙржкрж▓ржХрзНрж╖,1
VVVVVVVVVVVV,1
ржЧрзБржЯрж┐ржп,1
ржбрзЗржирж┐рж╕,1
рж░рж╛ржЦржЫ,1
Then,1
dene,1
ржЖрж░ржд,1
aoamilik,1
ржЕржмржжрж╛ржи,1
sem,1
ржЕржмрзНржпрж╛рж╣ржд,1
Islami,1
рж╕рж┐рж░рж╛ржЬржЧржЮрзНржЬ,1
jibon,1
ржЖржорж┐ржУ,1
ржХрж╛ржЬржХрж░рзНржоржХ,1
should,1
opudasta,1
ржЧрзНрж░рж╣ржи,1
sona,1
ржЖрж╢рж╛ржирзНржмрж┐ржд,1
ржЕржкрж╢ржХрзНржд,1
bhatacharya,1
ржмржЗрж╕ржорзНржорж╣рзАржи,1
Advisory,1
ржжрзГрж╖рзНржЯрж┐ржд,1
panel,1
viake,1
prince,1
ржкрзНрж░ржержорж╛рж▓,1
eleus,1
Hantu,1
Kon,1
ржЕржВржШржи,1
ржЗрждрж┐ржмрж╛ржЪржХ,1
рж╣ржЪрзНржЫрзЗржи,1
рж▓рж╛ржжрзЗрж╢,1
ржкрж╛рж▓рж╛ржЗржЫ,1
ржХрж░ржгрзЗрж░,1
ржЬрж┐ржирзНржмржжрж╛ржмрж╛ржж,1
рждрзЛржорж╛ржХ,1
ржиржмржо,1
ржПржоржкрж┐ржУ,1
ржнрзБржХрзНржд,1
ржкрзБрж╖рзНржк,1
ржЫрж╛рждрзНрж░рзАржжрзЗрж░,1
рж╕ржорзНржкржжрзЗрж░,1
ржкрзЗрж╢,1
move,1
рж╕рзНржХрзБрж▓,1
circo,1
forward,1
ржмрж┐рж╢рзНржмржмрж┐ржжрзНржпрж╛рж▓ржп,1
рж╕рж░рж╕рзНржмржд,1
ржорж╛ржо,1
ржЪрж╛ржЗрж╣рж╛рж╕рж┐ржирж╛рж░,1
рждрж╛рзЗржХ,1
ржмрж╛ржирж╛ржирзЛрж░,1
ржкрж╛рж░рзЗржиржирж┐рз╖,1
ржХрж╛ржорж╛ржд,1
ржкрж╛рж░рзЗржиржи,1
ржЙржкржпрзБржХрзНржд,1
ржмрзНржпржХрзНрждрж┐ржжрзЗрж░,1
ржкрзНрж░рзЗржо,1
ржкржбрж╝ржмрзЗржи,1
ржврж╛ржХрж╛ржп,1
рзпржо,1
Akram,1
ржЯрж╛ржи,1
рж╕рзНржХрзЗрж▓рзЗрж░,1
MATS,1
ржмрзНржпржмрж╕рж╛рж░,1
ржЕржирзНрждржмрж░рзНрждрзАржХрж╛рж▓рж┐ржи,1
ржнрж╛ржВржд,1
ржПржорзНржмрзНржпрж╛рж╕,1
ржХрж┐ржЪрзНржЫ,1
ржХрж╛рж╣рж┐ржи,1
ржЕржзрж┐ржХрж╛ржВрж╢,1
ржжрзВрж░ржжрж░рзНрж╢,1
ржкрзНрж░ржХрж╛рж╢,1
ржнрзЗржмрзЗржЗ,1
ржирзНржпрж╛ржп,1
ржХрзЛржиржнрж╛ржмрзЗржЗ,1
ржоржирзНрждрзНрж░ржгрж╛рж▓ржп,1
ржЕржирзНрждрж░ржиржЧрзНржп,1
ржЗржЙрж░рзЛржкрзАржп,1
ржмрзНржпрж╛ржЯ,1
ржмрж╛ржирж╛ржУ,1
ржорж╛ржирзБржмрж┐ржХ,1
ржзрж╛рж░рж╛ржмрж╛рж╣рж┐ржХ,1
ржирж┐ржпрж╝рзЗржЫрзЗржи,1
ржЦрзВржи,1
ржкрж░ржпрзЛржмрзЗржЦржЦржи,1
рж╕рж░ржХрж╛рж░ржУ,1
ржкржерзЗржЗ,1
ржЖржЩрзБрж▓,1
рж╕ржмржЗ,1
ржЖржоржжрж╛ржи,1
ржХрж╛рж╣рж╛рж░,1
рж╕рзНржмржкрзНржи,1
ржПржЦржиржерзЗржХ,1
inn,1
shah,1
ржирж┐рждрзНржпржкржирзНржпрзЗрж░,1
ржЬрж╛рж╣рж╛ржЬ,1
ржиржЗрж▓,1
ржЕрждрж┐рж░рж┐ржХрзНржд,1
ржмрзЗржмрж╕рзНрже,1
ржпрзЛржЧрж╛ржпрзЛржЧ,1
рж▓рзЗржЬ,1
listen,1
ржкрзНрж░рзЗрж╕рж┐ржбрзЗржирзНржЯрзЗрж░,1
shamne,1
ржирж┐рж░рзНрж▓ржЬрзНржЬ,1
bolo,1
рж╣рж╛ржЯржЫ,1
рж╕ржВрж╕рзНржерж╛ржи,1
Diploma,1
ржХрж░рж╛ржЪрзНржЫрзЗржи,1
ржкрж░ржЬржирзНржд,1
ржзрж╛рж░рж┐ржжрзЗрж░,1
power,1
ржмрзНржпржмрж╕рж╛ржпрж╝рж┐ржжрзЗрж░,1
grave,1
impatient,1
ржжрж╛ржжрж╛рж░,1
ржХрзГрж╖ржХ,1
рж╕рзНржмрж░рж╛рж╖рзНржЯрзНрж░,1
ржпрждрзЛржжрж┐ржи,1
ржПржХрж╛рждрзНрждрж░,1
ржорж╛ржиржЫ,1
рждрждрзЛржжрж┐ржи,1
ржоржирзЗрж░рж╛ржЦ,1
ржмржжрж▓рж╛ржи,1
рждрзЛржорж╛ржп,1
Sрж░рзЗржХржЯ,1
suffering,1
ржЧрж┐рж▓,1
still,1
dont,1
Thanks,1
without,1
sayraybangla,1
ржкрж╛рж▓рж╛ржирзЛрж░,1
bribe,1
specially,1
Lalkuthi,1
AC,1
land,1
╪о╪╖╪з┘Г┘Е,1
look,1
into,1
ржХрж╛рж░рзЗрж░,1
ржмрж╛рждрзЗржи,1
govt,1
peoples,1
B,1
high,1
ржКрж░рзНржзржЧржд,1
ржкрж░рж┐рж╢рзЛржз,1
┘И╪│╪п╪п,1
ржкрж╛рж░ржмрж╛ржи,1
ami,1
abir,1
ржЖржорзАржи,1
ржЕржнрзНржпрзБрждрзНржерж╛ржирзЗрж░,1
ржЪрзЗрждржи,1
рж╣рзЗржжрж╛ржпрж╝рзЗржд,1
ржирж┐ржпрж╝рзЛржЧржкрзНрж░рж╛ржкрзНржд,1
ржПржЦржиржУ,1
ржПрждржЧрзБрж▓,1
ржиржпрж╝рзЛржЧ,1
price,1
рж░рзЗржЗржи,1
ржЯрж┐ржХржд,1
ржарзБржХрж░,1
this,1
┘Е╪з╪┤╪к,1
yousuf,1
Mohammed,1
nan,1
ржПржХрж╛ржирзНржд,1
ржЖржорзЗрж░рж┐ржХрж╛рж░,1
рж▓рж╛ржЗржЧ,1
new,1
lok,1
thaka,1
ржнрж╛ржмржЫ,1
рж╢рж╛ржзрж┐ржи,1
ржЦрзБрж╕,1
ржпрзЗржЦрж╛ржи,1
ржнрж╛ржмрзЗржЗ,1
ржжрзЛрж╕рж░рж░,1
ржкрзНрж░ржорж╛ржгрж┐ржд,1
ржЬрж▓ржирзНржд,1
ржХрж╛ржЫрзЗржЗ,1
ржкрж╛ржЧрж▓,1
рж╕ржорзНржкрзНрж░рж╕рж╛рж░ржг,1
рждржерзНржп,1
рж╕ржирждрзНрж░рж╛рж╢,1
ржмрзНржпрж╛ржмрж╕рзНрж╣,1
ржХрж╛ржирзНржбржжрзЗрж░,1
Yunos,1
ржЧржарж┐ржд,1
ржЪрзЗржпрж╝рж╛рж░ржЯрж╛ржд,1
ржмрж╕рзЗржЫрзЗржи,1
рждрж╛рж░рж┐ржЦрзЗрж░,1
Pinaki,1
Hossain,1
fake,1
Bhattacharya,1
Asif,1
Mahtab,1
Utsha,1
Md,1
Elias,1
ржжрзНрж░ржмрзНржпржорзВрж▓рзНржпрж░,1
┘И┘Б┘В┘Г┘Е,1
juta,1
ржШржирж┐ржп,1
ржмрж┐рж╢рзЛржп,1
рж╕рзНржмрж░рзНржЧ,1
ржЕржмрж┐рж░ржд,1
ржерж╛ржирж╛ржЧрзБрж▓рзЛржд,1
рж╕рзЛржирж╛ржп,1
рж╣рзЛржХржкрзНрж░ржмрж╛рж╕,1
ржЖржмрзЗржЧрзЗрж░,1
рждрж┐рж╕рзНржд,1
ржмржВржмржирзНржЯ,1
ржорж╣,1
ржПржоржирж┐рждрзЗржЗ,1
рж╣рж╛рж╣,1
ржЬрж┐ржп,1
goood,1
ржХрж░ржмрзЗржЗ,1
рждрж╛ржЗрж▓,1
рзпрзп,1
ржкрж░рж┐ржиржд,1
ржорж╛рж╕рзЗрж░,1
md,1
churir,1
ржмрж┐ржкрж┐ржПрж╕рж╕,1
ржЕржорж╛ржирзБрж╖,1
ржнржпрж╝ржЩрзНржХрж░,1
ржжрзЗржЦрж▓рзЗржЗ,1
рж░рж╛ржЧ,1
рж░рзЗржЬрж╛рж▓рзНржЯ,1
ржУржпрж╝рж╛ржХрж╛рж░,1
рж╕ржорзНржкрж░рзНржХ,1
al,1
ржбрж╛ржХржм,1
babosta,1
ржкрзНрж░рждрж┐рж╣ржд,1
рждрзБрж▓рзЗржЫ,1
ржЖржмрзНржм,1
ржЪрж▓рзЗржЫ,1
Korte,1
ржлрж┐рж░рзНржмрж╛ржЪржи,1
ржЖржЗржирж╢рзГржЩрзНржЦрж░,1
Pls,1
Bigsome,1
faroki,1
ржЬрзБрж▓рзБржо,1
ржирж┐рж░рзНржпрж╛рждржи,1
ржЪрж╛ржЪрзНржЫрзЗржи,1
ржХржпрж╝рзЗржХ,1
ржПржЫрж╛ржб,1
ржврж╛ржм,1
ржПржЬржирзНржп,1
ржкрзБржЯржХрж┐ржорж╛рж░рж╛рж░,1
ржорзЗрж╕,1
рж░рзЛржирж╛рж▓ржж,1
рж░рж┐ржмрзЗрж░,1
ржИржК,1
ржЧрж╛ржЗржн,1
ржУрж░рж╛ржУ,1
masallah,1
jut,1
V,1
ржЧрж╛ржЬржУржпрж╝рж╛рждрзБрж▓,1
рж╣рж┐ржирзНржж,1
рж╕рж╛рж▓рж╛рж░,1
рж░рзВржк,1
boure,1
I,1
ржкрж░рж┐ржмрж╛рж░рждржирзНрждрзНрж░,1
рзк,1
Club,1
рж╕ржВрж╕ржжрзЗрж░,1
ржЖ,1
рж╣рж╛рж╢рж┐ржи,1
ржЧрзБрж╕рзНржЯ,1
ржорж╛ржЗрж░,1
ржЦрж╛ржи,1
рж╕ржжрж╕рзНржп,1
┘Е╪з╪┤╪з╪б,1
ржпрзБржжрзНржзрзЗрж░,1
cu,1
ржирзЗрждрзНрж░рзАрждрзНржм,1
ржЖржирзНржжрзЛрж▓,1
jela,1
рж╢рждржнрж╛ржЧ,1
ржЪрж╛ржкрж╛ржмрж╛ржЬ,1
ржХрж░ржорзБржХрзНржд,1
ржорждржЗ,1
biplobi,1
gothon,1
рзорзм,1
ржЧржоржирзЗрж░,1
ржХрзЛржЯрж╛рж░,1
ржЧрзЗржирзНржбрж┐ржп,1
soskar,1
just,1
ржХрж▓ржЩрзНржХрж┐ржд,1
ржЦрзБржБржЬ,1
ржлрзНржпрж╛рж╕рж┐ржмрж╛ржжрзАржжрзЗрж░,1
jake,1
beautiful,1
ржорж╛рж╣рж╛ржж,1
totally,1
noton,1
ржХрж▓ржВржХ,1
ржЧрзЗрж░рж╛ржо,1
ржорзЗржоржмрж░рзЗрж░,1
keep,1
рж╣рж╛рж▓рж╛ржп,1
ржкрж░рж┐рж╕рзНржерж┐рждрж┐рж░,1
ржкржЫржирзНржжрзЗрж░,1
рж╢рзЛржи,1
ржЫрзЛржЯрзНржЯ,1
рж╢рж╣рж░,1
ржЧржВржжрзЗрж░,1
рж╕ржВрж╢ржХрж╛рж░,1
рж╕рж░ржХрж╛рж░ржд,1
ржЕржнрж┐ржпрзЛржЧ,1
ржЕржнрж┐ржпрзБржХрзНржд,1
ржмрзНржпржХрзНрждрж┐ржХ,1
diya,1
law,1
ржмрзЛрж░рзНржб,1
ржмрж┐рж╢рзГржЩрзНржЦрж▓рж╛рж░,1
ржнрзВрж░рждрзБржХ,1
nah,1
ржкрж┐ржирж╛ржХрзАржжрж╛ржХ,1
рж╕ржВржХржЯ,1
ржлрзЗрж░рж╛ржирзЛрж░,1
ржЬрж▓рзБржо,1
ржЬрзЛрж░рж╛рж▓,1
рж░рзЗржХржЯ,1
ржмржВрж╢,1
tmi,1
ESTABLISHED,1
ржмрж╛рж╢,1
ржЕржкржХрж░рзНржорзЗрж░,1
рж╕рзБрж╕рзНржержд,1
ржЗржирзНржбрж┐ржпрж╝рж╛рж░,1
ржжрзЗржУржпрж╝рж╛ржЯрж╛ржЗ,1
Miajeer,1
ржЧржд,1
рж╕ржорж╛ржЬ,1
eder,1
ржЗржирж╕рж╛ржирж┐ржпрж╝рж╛ржд,1
ржмрж╛рж░рзНржд,1
ржорзВрж▓рзНржпржмрзЛржз,1
ржкрзНрж░ржЪрзБрж░,1
paul,1
рж╣ржпрж╝рзЗржЫрзЗржи,1
рж░рж╛ржЦржмрзЗржи,1
ржзрж░рзНржорзЗрж░,1
kao,1
WB,1
lottery,1
assalamu,1
IMF,1
Alaikum,1
ржнрж┐рждрзНрждрж┐ржХ,1
vs,1
balnus,1
unc,1
ржжрзАрж░рзНржШржЬрзАржмржирзЗрж░,1
ржирж╛рж░рзНрж╕,1
ржкржирзНржирзЛрж░,1
ржмрж╛ржмрж╕рж╛ржпрж╝рзАржжрзЗрж░,1
ржпрзЗржЯ,1
ржЬрж╛ржирж┐ржи,1
ржирзЗржмрзЗржи,1
ржорж░,1
рж░рж╣ржоржд,1
ржоржЬрж▓рзБржо,1
ржкржжрждрзНржпрж╛ржж,1
рж╕рзЗржирж╛ржмрж╛рж╣рж┐ржи,1
ржжрж░рж┐ржжрзНрж░рзЗрж░,1
ржЧрж░рзНржмрж┐ржд,1
ржкрзБрж░ржи,1
ржкрж╛ржЗржд,1
рж╕рзБржлрж▓,1
ржмрж╛рж░рзНрж╖рж┐ржХ,1
Bindia,1
ржПрж░ржкрзНрж▓рж┐ржЬ,1
ржбрзЗрж▓рж┐ржнрж╛рж░,1
рж╢рзБржирзЗржЗ,1
ржмржирзНржпрж╛рж░,1
ржЖржЗрж╕рзЛржи,1
ржПржжрж┐ржХ,1
ржЧрж╛рж░рзНржб,1
ржЙржарж▓рзЗржи,1
рждржмрзЗржЗ,1
ржЫрж┐ржирж┐ржорж┐ржи,1
ржнрж╛ржЩ,1
ржжрзНрж░ржмржпрж╝ржорзБрж▓рзНржпрзЗрж░,1
ржЕржкрж░рж╛ржзрзАрж░,1
рж╕рж╛рж╕рзНржд,1
ржЗржЪрзНржЫрзЗржоржд,1
ржжрзЗржмрзЗржи,1
рж░рж╛рж╕рзНрждрж╛ржШрж╛ржЯрзЗрж░,1
ржЬрж┐рж▓рж╛ржп,1
ржХрж░рзБржг,1
рж▓ржХрзНрж╖рзНржорзАржкрзБрж░,1
ржкрж╛рж╢рзЗржЗ,1
ржнрж╛рж╕ржи,1
ржмрж╛ржЗржЮрзНржЪржж,1
рж╕рзБрж╕рзНржмрж╛рж╕рзНржерзНржп,1
ржХрзЛржиржжрж┐ржи,1
ржнрзВрж░рждрж┐ржХ,1
Remove,1
ржЕрж╕рж╣ржирзАржп,1
GOOD,1
class,1
ржЖрж▓рж╣рж╛ржоржжрзБрж▓рж┐рзНрж▓рзНрж▓рж╛рж╣,1
рж╕ржмржерзЗржХ,1
рж╕ржВрж╕рзНржкрж░рзНрж╢,1
ржЧрж╛ржб,1
ржмрзЗржЗржорж╛ржиржжрзЗрж░,1
рж╕рж╣рж╛ржирзБржнрзВрждрж┐рж╢рзАрж▓,1
ржкрж╛рж░рж┐ржирж╛ржЗ,1
ржмрж┐рж╢рж╛рж▓,1
рж░рзБржк,1
ржирж┐ржмрж╛рж░рзНржЪржи,1
ржмрзБржЗржб,1
рждрж░рзБржг,1
ржврзЗржЙ,1
ржХрзГрж╖рж┐ржд,1
ржЧрзБрж░рзБрждрзНржмржкрзВрж░рзНржг,1
ржЬрж╛ржорж╛ржпрж╝ржд,1
ржЖржУрждрж╛ржУ,1
рж▓рж╛ржЧржд,1
ржпрзЗрж╕ржХрж▓,1
ржЦрзЗрж▓рждрзЗржЫ,1
ржкржжрж▓рзЗрж╣ржи,1
Army,1
Cheif,1
ржУржп,1
рж░рж╛рж╣ржорж╛рждрзБрж▓рзНрж▓рж╛рж╣,1
ржнрж╛рж▓рзЛржЧрж╛ржп,1
рж╢рждрзНрж░,1
ржЦрж╛ржмрж╛рж░рзЗрж░,1
ржорж┐рж╖рзНржЯрж┐рж░,1
ankir,1
Kh,1
ржкржгрзНржп,1
afsoooooooooooos,1
ржЦрзЛржм,1
penake,1
ржорзЗржз,1
рж╕ржЪрж┐ржмрж░рж╛ржд,1
ржкрзБржб,1
ржорж╛рж▓рж┐ржирзНржи,1
upodestra,1
penaki,1
batter,1
ржЕржкрж╕рж╛рж░ржиржЪрж╛ржЗ,1
ржирж┐рждрзНржпржкрзВрж░рзНржг,1
ржЬрзЛржХрж╛рж░,1
ржХрждржЬржирзЗрж░,1
ржЬрзНржмрж▓,1
рж░рж╛рж╕рзБрж▓,1
onnai,1
ржХрзНржгржХ,1
рж╣рзЛржЫрж╛ржЗржи,1
ржЪрж╛рж▓рж╛ржЗрждрзЗржЫ,1
governance,1
Introduce,1
organizations,1
ржЖржорж╛ржжрж░,1
hisebe,1
sustainable,1
ржзрж╛ржиржоржирзНржб,1
ржЪрж▓рзЗржЫрзЗржи,1
ржкрж░рж┐рж╢рзНрж░ржо,1
ржЧржгрж╢рзМржЪрж╛ржЧрж╛рж░,1
kire,1
ulta,1
ржЗржЪ,1
bondho,1
kano,1
ржжрж╛рж▓рж╛рж▓ржжрзЗрж░,1
рж░рзЛрж░рж╛рж░,1
рждрж╛рж╣рж▓рзЗржЗ,1
рж╕рзЗржирзНржЯржорж╛рж░рзНржЯрж┐ржи,1
gangs,1
ржмрзНржпржХрзНрждрж┐рж╕рзНржмрж╛рж░рзНржержкрж░ржд,1
ржЪрзЛрж░рзЗржжрзЗрж░,1
ржмрж┐ржжрзЗрж╢рзАржжрзЗрж░,1
modi,1
ржПржУ,1
ржХрзНрж░рж╛ржирзНрждрж┐ржХрж╛рж▓,1
visa,1
ржЕржХрзНрж▓рж╛ржирзНржд,1
bangladeshi,1
ржЫрзЗрж▓рзЗржжрзЗрж░,1
ржмрзБржЭрж╛ржи,1
most,1
рж╕рж╛ржмрзНржмрж╛рж╢,1
ржорж┐рж╕рзНрждрзНрж░,1
рж╢рж┐рж░рж╛ржо,1
рж▓рж╛ржЗ,1
ржорзБрж╣рж╛ржорзНржоржжрзБрж░,1
ржЖрж╕рж╛ржмрж╛ржж,1
рж░рж╛рж╕рзВрж▓рзБрж▓рзНрж▓рж╛рж╣,1
рж╕рж╛рж▓рзНрж▓рж╛рж▓рзНрж▓рж╛рж╣,1
ржЖрж▓рж╛ржЗрж╣,1
рзйрзмржЬрзБрж▓рж╛ржЗ,1
ржУржпрж╝рж╛рж╕рж╛рж▓рзНрж▓рж╛ржо,1
рж╕рж╛ржзрзАржиржд,1
рждрж╛ржХрж╛ржЪрзНржЫрзЗржи,1
ржерж╛ржХржЫ,1
ржЪрж╛ржФ,1
ржпржерзЗрж╖рзНржЯ,1
nation,1
forget,1
рзнрзж,1
ржкрзЗржпрж╝рж╛ржЬ,1
ржорзБржЬрж┐ржмрзБрж░,1
ржЧржгрждржирзНрждрзНрж░рзЗрж░,1
8,1
ржкрзНрж░рждрзАржХ,1
ржкрж░рзАржХрзНрж╖рж╛ржп,1
There,1
deskwork,1
d,1
ржЕржкрж╛рж░рзЗржЯрж░,1
system,1
delivery,1
ржжржпрж╝рж╛ржХрж░,1
service,1
ржкржирзНржпрзЗрж░,1
department,1
ржнрзЗржВржЧрзЗржжрзЗржи,1
ржЕрж╣ржВржХрж╛рж░,1
ржПржХржмрж╛рж░ржУ,1
ржкрзНрж░рждрж┐рж╖рзНржарж╛ржирзЗрж░,1
ржЪрж╛ржХрзБрж░рзАржЪрзНржпрзБржд,1
farooki,1
ржЦрж╛рж▓рзЗржж,1
ржмрзЗржЧржо,1
ржЗрж╕рзНржЯрж┐ржо,1
baindha,1
рждрж╛ржЫрж╛ржб,1
ржХрж┐рж░,1
ржмрж╛ржбрж╝рж╛ржп,1
ржмрж╕рж┐рж░,1
ржЗрждрзНржпрж╛ржж,1
ржмрж┐ржкрзНрж▓ржмрзЗрж░,1
ржЬрж░рж┐ржд,1
ржкрзНрж░рзЗржгрж┐ржХ,1
ржирж╛ржпрж╝ржХ,1
ржжрж╛ржУржЕржЕржЙ,1
ржорж╛ржжрзНрж░рж╛рж╕,1
рж╕рзЗржЯрзЗрж▓рж╛ржЗржЯ,1
dibo,1
PR,1
ржнрж╛рж░,1
ржмржпрж╝рж╛ржмрж╕рзНрже,1
ржЙржкржжрзЗрж╖ржЯрж╛рж░рзЗрж░,1
ржорзБржЦрзЗрж░,1
army,1
ржХрзЛржо,1
hoitese,1
babar,1
ржХрж╛ржоржирж╛ржЗ,1
рж╕рзБржжржЦрзЛржБрж░,1
рж╕рзБржжржЦрзЛржБрж░ржЗ,1
Dan,1
ржК,1
ржлрж╛рж░рзВржХрзАрж░,1
рж░рж╛ржЦрзБржи,1
ржкрж░рж┐ржХрж▓рзНржкржирж╛рж░,1
ржмрж┐рж╢рзЗрж╖,1
рж╕рзБржз,1
laudable,1
ржкрж╛рж░рзНржЯрж┐рж░,1
ржмрж╛рждрж┐рж▓рзЗрж░,1
amder,1
рждрж╛ржпрж╝рж╛рж▓,1
fi,1
ржЬржХрзНржХрзНрж░ржП,1
hokponthi,1
рж╕ржорзБрж╣рзЗрж░,1
ржнрзБржо,1
ржнрзЛржЯрж╛ржзрж┐ржХрж╛рж░рзЗрж░,1
ржорж╛ржзржо,1
shashok,1
ржирж╛ржорж╛ржЬ,1
ржЙржкрж╕рзНржерж╛ржкржи,1
ржирзИрж░рж╛ржЬрзНржпрзЗрж░,1
ржХрзГрж╖ржХржжрзЗрж░,1
ржХрж╛рж▓,1
ржЕржирзНржпрж╛ржирзНржп,1
рж╣рж╛ржирзНржжрж╛ржп,1
eto,1
repetition,1
Yes,1
hasinare,1
at,1
leas,1
balda,1
ржХрж╛ржЪрж╛ржорж╛рж▓рзЗрж░,1
gaillano,1
jaito,1
bebshader,1
ржмрждржорж╛ржи,1
kemne,1
galagal,1
ржЪржЗржи,1
ржЕржкрж╛рж░рзЗржЯ,1
ржЬржиржЧржиржХ,1
рждрже,1
ржлрж░ржЬ,1
ржХрж╛ржЪрж╛ржорж╛рж▓,1
7,1
sisters,1
ржжржЦрж▓,1
ржкржжрзЛрждрзНржпрж╛ржЧ,1
рж╕рзБржЬрзБржХ,1
ржжрж▓рж┐ржп,1
ржкрзНрж░ржпрж╝рзЛржЧ,1
ржЬрзБрж░,1
ржкржбрж╝ржЫрзЗржи,1
ржмрзЗрж░рж┐ржп,1
ржирж┐рж░рж╛ржкрж░рж╛ржз,1
ржжрзЗржорж╛ржирзБрж╖рзЗрж░,1
byebyebyebyebyebyebyebyebye,1
рж╣рж╛ржЬ,1
ржЬрж╛ржорж┐ржи,1
ржмрж┐ржХрзНрж░рж┐рж░,1
ржЪрж▓рзЗржи,1
ржЖржЪ,1
Humble,1
рззрзкрзж,1
ржмрж┐ржнрж┐ржирзНржиржнрж╛ржм,1
рж╕ржорзНржкрж┐ржд,1
ржлрж┐рж░ржмржк,1
ржбрж╛ржЙржи,1
selut,1
ржорж╛рж▓рж╛ржЗрж╢рж┐ржп,1
71,1
ржЕржнрзНржпржирзНрждрж░рзАржг,1
рж╣рж╕рзНрждржХрзНрж╖рзЗржк,1
ржЙржк,1
ржЕржирзНржпрзЗрж░,1
ржзрж░рзЗржЗ,1
Ensure,1
ржлрзЗрж▓,1
Universal,1
Health,1
Care,1
Service,1
ржЪрж╛ржпрж╝ржи,1
ржмрж╛ржбрж╛ржи,1
ржжрзЗржЦрзЗржд,1
ржЗржирзНржЯрж╛рж░ржирзЗржЯ,1
ржирзЗржУржпрж╝рж╛рж░,1
apne,1
ржЧрзЛрж╖рзНржа,1
ржкрзНрж░ржзрж╛ржиржЙржЪрзЗрж╖рзНржЯ,1
ржнрж╛рж▓рзЛржмрж╛рж╕рж╛рж░,1
ржжрзНрж░ржмрзНржпрзЗрж░,1
рж╕ржВрж╕рзНржХрзГржХрж╛рж░,1
ржкрзНрз░ржпрж╝рзЛржЬржи,1
ржмрж┐рж╣рж┐ржи,1
perfect,1
ржмрзЗржЯ,1
ржжрзВржд,1
ржжржмрзНрж░ржорзБрж▓рзНржп,1
ржХрзБрждрзБржм,1
ржкрж╛ржержорж┐ржХ,1
рж╕рж╣рж╢рж┐ржХрзНрж╖,1
ржЕржирзНрждрж░рзЗрж░,1
kichu,1
jonne,1
banan,1
ржЫрж╛рждрзНрж░рж╣рждрзНржп,1
ржорзМрж▓ржмрж╛ржж,1
рж╕рзНржмрж░рзБржк,1
ржЬржЩрзНржЧ,1
ржорзБрж▓рзНржп,1
ржкрж┐ржирж╛ржХрж┐ржХ,1
рж╕рзНржЯрзЗржк,1
рждрж░рзБржгрж░,1
destroy,1
jache,1
Ok,1
ржмрж┐ржб,1
ase,1
obosta,1
ржнрж╛рж▓рзЛржнрж╛ржм,1
ржорзБржЧрзНржз,1
ржХрзНрж╖рзБржмрзНржз,1
ржЯрзЗрж▓рж┐ржнрж┐рж╢ржирзЗрж░,1
рж╕рж┐ржЧрж╛рж░рзЗржЯ,1
ржЬрзБржбрж╝рж╛рж▓,1
ржкрж╣рзНржо,1
ржПржЗржЯрзБржХ,1
рж╕рж╛ржУржп,1
ржЙржкржнрзЛржЧ,1
ржирзЗрж╖,1
ржмрж╛ржБржЪржд,1
ржЧрзМрж░ржм,1
bazar,1
ржЙржа,1
рж▓рзЗржирзНржбрж┐ржп,1
india,1
ржкрзНрж░рж┐ржкрзЗржЗржб,1
рж╕рж╛ржд,1
ржкрзНрж░рж╛ржп,1
ржкрзЛрж╕рзНржЯржкрзЗржЗржб,1
ржмрж┐ржжрзНржпрзБрждрзЗрж░,1
ржЬрзЛрж░ржкрзВрж░рзНржмржХ,1
ржЕржирзЗржХрзЗржЗ,1
рж╕рзНржпржХрж░,1
рж╕рж╛рж░рзНржЯрж┐ржлрж┐ржХрзЗржЯ,1
рж╕рзЗржлрзБржжрж╛ржХ,1
ржнрж╛рж▓рзЛржмрзЗрж╕,1
igb,1
ржУржпрж╝рж╛ржХрж╛рж░рзБржЬржЬрж╛ржорж╛ржирзЗрж░,1
ржорж┐рждрзНржп,1
ржирж┐рж░рзНржмржЪржи,1
ржЭрж╛рж▓ржХрж╛ржа,1
kio,1
ржкрзНрж░рзЗрждрзНржорж╛рждрзНржм,1
ржжрж╛ржХ,1
BMP,1
ржУржБржжрзЗрж░,1
ржкржирзНржпрж╕рж╛ржоржЧрзНрж░рзАрж░,1
farukir,1
ржкрж╢рзНржЪрж┐ржорж╛рж░,1
ржоржжрж┐ржи,1
ржЬржорж┐ржи,1
рж╕рзМржЬржирзНржп,1
ржЦрж╛ржБржЯ,1
ржЖржЬрж┐ржо,1
ржлржЬрж▓рзБрж▓,1
ржврзБржХ,1
ржкрж░ржм,1
bacca,1
ржкрж░ржмрж░рзНржд,1
ржЙржкржЬрзЗрж▓рж╛рж░,1
рж╕ржиржЬ,1
ржХрзБржорж╛рж░,1
ржжрж╛рж╕,1
рж╣рж╛рждрж┐ржп,1
ржмрж╛ржЬрж╛ржм,1
ржбржГржЗржЙржирзБрж╕,1
ржЧрж╛ржи,1
ржорж╛ржЗржп,1
ржорзБрж▓рзНржпржмрж╛ржи,1
ржжрзБржГржЦ,1
ржиржЧрж░,1
ржЕрж░рзНржержирзИрждрж┐ржХ,1
рж╣рж╛ржлрзЗржЬ,1
ржмрж╛ржбрж╝ржЫ,1
рж╕рзБрждрж░,1
ржбрзЗржХ,1
ржЕрж░рзНржержирж┐рждрзАрж░,1
ржнрзНржпрж╛рж▓,1
рж╣рзЗржиржбрзЗрж▓,1
ржХрж▓рж░рзЗржЯ,1
ржорж╛рж░ржЫ,1
ржорзБрж░рзБржмрзНржм,1
ржмрж┐ржЯрж┐ржнрж┐рж░,1
ржЪрж╛ржоржЪрж╛рж░,1
рж╕рж╛ржЬ,1
ржжрж┐ржмрж╛рж░,1
ржУржарж╛рж░,1
ржЕржпржЧрзНржп,1
dhur,1
bad,1
ржкрж░рж┐ржз,1
ржкржк,1
ржирж┐ржЪ,1
satapdawonYounush,1
ржЖржорж▓рзАржЧрзЗрж░,1
ржкрж╛рж▓ржирзЗрж░,1
ржорж╛рж▓рзЗрж░,1
рж╕рзБржирж┐ржЪрзНржЪрж┐ржд,1
ntrca,1
egea,1
рзмрзж,1
deske,1
ржЬрж╛рж▓,1
рж╕рзЗржд,1
ey,1
рж╕ржиржжрзЗрж░,1
ржЧрж╛ржЬрзАржкрзБрж░,1
ржорзИрждрзНрж░,1
ржбрзЗржирзНржЯрж╛рж▓,1
ржиржжрзАржд,1
рж░ржХрзНрж╖рж╛рж░,1
ржЪржХрзНрж╖,1
ржорзЗржж,1
ржЬржиржЧржгржУ,1
ржиржЬрж░ржжрж╛рж░рж┐ржд,1
ржжрж╛ржжрж╛ржХрзЗржУ,1
ржЭрзБрж▓рж┐ржп,1
рж╕ржВржпрзЛржЬржи,1
6,1
ржЪрждрзНржмрж░,1
рж╢рж╛ржкрж▓,1
ржнрж╛ржЩрзНржЧрзЗржи,1
apnakei,1
karonei,1
vhul,1
rastay,1
dien,1
ржЕржмрзБрж░рзЛржз,1
ржЗржЙржирж┐рж╕рзЗрж░,1
nishat,1
ржкрждрждрзНржпрж╛ржЧ,1
nie,1
ржмрж░ржХрж╛рж╕рзНржд,1
ржУрж╢рзБржн,1
bokacoda,1
ржкрж┐ржирж╛ржХрзАржХ,1
ржЖржкржирж╛ржХрзЗржЗ,1
ржмрж╛ржЬрзЗржпрж╝рж╛ржкрзНржд,1
ржХрж░рж▓рж╛ржо,1
ржЬрж╛ржпрж╝ржЧрж╛рж░,1
рз╖рз╖,1
ржмрж╛ржирж╛ржЗржЫ,1
ржкрзВрж░ржи,1
ржпрзБржм,1
ржЪрж╛рж╣рж┐ржж,1
ржХрж▓рзНржпрж╛ржгрзЗрж░,1
bicar,1
ржЫрж╛ржп,1
рж░рзЛржорж╛ржирж┐ржп,1
рж░рж╛рж╕рзНржд,1
ржЪрзБрж░ржХ,1
ржмрж┐ржжрзНржп,1
рзирзжрзжрзм,1
рзнрзлрзн,1
valo,1
ржХрж░рзНржоржХрж░рзНржд,1
ржЕржирзБржоржд,1
kodor,1
ржЕржирзБржорждрж┐ржд,1
ржмрж┐рж╢рзГржЩрзНржЦрж▓,1
ржирждрзБржирж░,1
assalamualikum,1
рж▓рзЗржЦ,1
Number,1
ржмрж╛ржЯржкрж╛ржб,1
ржорж╛рж╣ржлрзБржЬ,1
рж▓рзЗржЦржЫ,1
ржорж╛рж▓рзЛрж╢рж┐ржп,1
bose,1
vason,1
dissen,1
ржХрзБржорж┐рж▓рзНрж▓,1
ржХрж░рзНржоржоржп,1
рждржмрзБржУ,1
ржЪрж╛ржжрж╛ржмрж╛ржЬ,1
ржЕрждрж┐рж╖рзНржа,1
ржкрж┐ржирж╛ржХрзАржж,1
drobbo,1
ржлрж╛ржХ,1
ржмрзБрж▓,1
ржЬрж╛ржорж╛ржпрж╝рж╛рждрзЗрж░,1
sair,1
ржкрж╢рзНржЪрж╛ржжржжрзЗрж╢,1
рззрзн,1
рж╢ржХрзБржирзЗрж░,1
рждрж╛ржжрзЗрж░ржУ,1
ржорж╛рж▓рзЗрж╢рж┐ржпрж╝рж╛рж░,1
spake,1
ржкрждрж┐ржд,1
ржХрж░рж╛рж▓,1
ржЙржкржжрзЗрж╖рзНржЯрж╛рж░ржж,1
masaallah,1
ржХрж░рзНржоржЪрж╛рж░рж┐ржжрзЗрж░,1
ржЕржнрж┐ржирзНржи,1
ржирж┐ржпрж╝рзЛржЧржмрж┐ржз,1
ржкржбрж╝рж▓,1
ржЖрж╣ржоржж,1
thakon,1
sorkara,1
ржЪрж▓ржорж╛ржи,1
ржЖржорж╛ржХ,1
ai,1
shesh,1
рж╣рж╕ржкрж┐ржЯрж╛рж▓,1
ashai,1
jei,1
dolke,1
рж╢рж┐ржХрзНрж╖рж┐ржд,1
ржжрзВрж░рзАржнрзВржд,1
ржмржХрзНрждржмрзНржпрзЗрж░,1
ржЪ,1
рж╣рж╛рж░рж╛ржп,1
ржХрзЛржирзЛржжрж┐ржи,1
ржЦрзЛрж░ржХ,1
ржмржЩрзНржЧржорж╛рждрж╛рж░,1
ржзрж░рзНржоржнрж┐рждрзНрждрж┐ржХ,1
ржмрж┐ржнрзНрж░рж╛ржирзНрждрж┐ржорзВрж▓ржХ,1
blw,1
рж╕ржВржЧржаржирзЗрж░,1
khoni,1
рзкрзжрзж,1
ржкрзНрж░рзЗрж╕ржХрзНрж░рж┐ржкрж╢ржи,1
ржЪрж▓рж▓,1
Hi,1
MD,1
Rezaul,1
Karim,1
ржЕржнрж┐ржнрж╛ржмржХ,1
ржжрзАрж░рзНржШрж╛ржп,1
ржЕрждрж┐рж╕рждрзНржмрж░,1
mullo,1
komate,1
chamra,1
ржЫржбрж╝рж╛ржи,1
ржорж┐ржбрж┐ржпрж╝рж╛рж░,1
рж╕ржнрж╛ржм,1
ReformBeforeElections,1
ржПржоржиржЗ,1
jamater,1
Hsian,1
bisar,1
chiy,1
ржнрзВрж▓ржнрж╛рж▓,1
ржорж┐ржбрж┐ржпрж╝рж╛ржХ,1
ржорзБржЦрж╕рзНржд,1
life,1
ржЧржгрждржирзНрждрзНрж░ржХрж╛ржо,1
ржЦрждржо,1
ржирж┐рждрзНржпржкрзНрж░ржпрж╝рзЛржЬржирзАржп,1
ржирж┐ржпрж╝ржирзНрждрзНрж░ржи,1
ржЦржорждрж╛ржп,1
ржжрзЛрж╕рж░рзЗрж░,1
ржУржлрзНржпрж╕рж┐ржмрж╛ржжрж┐ржжрзЗрж░,1
boykot,1
The,1
ржкрзНрж░ржмрж╛рж╕рж┐рж░,1
building,1
elections,1
ржжрзВрж░рзНржирзАрждрж┐ржмрж╛ржЬржжрзЗрж░,1
ржжржоржи,1
ржмрж╛ржБржЪрж╛рж░,1
рж░ржХрзНрж╖,1
рждрж░,1
рж░рзЛржз,1
ржпржерж╛ржпржд,1
рж╕ржорж╕рзНржпрж╛ржд,1
mrp,1
dada,1
ржЕрж░рзНржержирзАржд,1
рж╕рж╛ржорж╛рж▓,1
ржЖржкржирж╛рж░ржЗ,1
ржмрж┐ржПржиржкрж┐ржХ,1
ржмрж▓рзБржХ,1
ржЖржкрж╛ржирж╛ржжрзЗрж░,1
faster,1
Stop,1
talking,1
ржШрзБрж░,1
bless,1
ржжрж╛ржБржбрж╝рж╛ржирзЛрж░,1
ржЬрж╛рждрзАржпрж╝рждрж╛ржмрж╛ржжрзЗрж░,1
рж░рж╛ржЬрж╛ржХрж╛рж░рзЗрж░,1
ful,1
bojhena,1
ржХржпрж╝ржжрж┐ржи,1
kook,1
ржХрж╛ржЪ,1
oder,1
ржЦржмрж░,1
ржХржерж╛ржмрж╛рж░рзНржд,1
bashing,1
punor,1
muktijoddhader,1
ржорж╛рж░рзНржХрж╛ржп,1
_ЁЭРАЁЭРЛЁЭРЗЁЭРАЁЭРМЁЭРГЁЭРФЁЭРЛЁЭРИЁЭРЛЁЭРЛЁЭРАЁЭРЗ,1
ржЗржЙрж░рзЛржк,1
ржПржкрж┐ржЯ,1
ржУржкрж┐ржЯ,1
ржЬрзЛржЯржХ,1
druto,1
durvaggo,1
kear,1
God,1
note,1
ржнрж╛ржЩрзНржЧрзБржи,1
flag,1
ржПржЯрж╛ржд,1
ржжрж┐ржпрж╝рзЗржЗ,1
ржЕрж╕рж╛ржорж╛ржирзНржп,1
ржирж┐рж░рж╕ржи,1
рж╕рждрзНржпрж┐ржХрж╛рж░рзЗрж░,1
ржЬржЯрж┐рж▓ржд,1
ржорж╣рж╛рж╕ржбрж╝ржХ,1
ржЯрж┐ржХрзЗржЯ,1
ржПржХрж╛рждрзНрждрж░рзЗрж░,1
ржЧрж╛рж░рзНржорзЗржирзНржЯрж╕рзЗрж░,1
ржорж╛рж▓рж┐ржХ,1
inshaallah,1
ржЦрж╛ржп,1
ржЕржл,1
ржХрж░рж╛ржп,1
рж╕рж╣рзЛржжрж░,1
рж╢рзНрж▓рзЛржЧрж╛ржи,1
deho,1
basar,1
ржмрж╛ржЬржжрзЗрж░,1
ржХрж╛ржб,1
ржЬрж╛ржорж╛ржЖржд,1
ржЧржбрж╝ржд,1
ржШрзВрж╖,1
рж▓ржХрзНрж╖рзНржп,1
sobce,1
ржоржЩрзНржЧрж▓,1
ржЖржВржХрзЗрж▓,1
ржорж┐ржирж┐ржЯ,1
ржЫрж╛ржЗржж,1
ржЧржирж╣рждрзНржпрж╛рж░,1
Jamayate,1
lives,1
their,1
ржЯрж┐ржХрж┐ржп,1
ржжрзГрж╖рзНржЯрж╛ржирзНрждржорзВрж▓ржХ,1
ржнржмрж┐рж╖рзНржпржд,1
ржмрж┐ржнрзОрж╕,1
рж╣рждрзНржпрж╛ржХрж╛ржирзНржб,1
ржШржЯрж╛ржд,1
ржХрзЗржУ,1
ржЙрзОрж╕рж╛рж╣рж┐ржд,1
ржЕржирзНржпржжрзЗрж░,1
рждрж╛ржж,1
ржжрзНрж░рзБрждрждржо,1
Nibondhon,1
Firiye,1
Din,1
plzzz,1
aru,1
3bochor,1
рж╕рзНржЯрж╛ржл,1
akhn,1
takar,1
jonn,1
ahban,1
janacchi,1
boro,1
ржкрзНрж░рж╛ржЗржнрзЗржЯ,1
ржЫрзЛржЯржЦрж╛ржЯ,1
ржХрзЛржорзНржкрж╛ржирж┐ржд,1
ржмрж┐ржмрж╛рж╣,1
ржмрж╛ржзрзНржпрждрж╛ржорзВрж▓ржХ,1
ржХржорж╛ржиржи,1
рж╕рж┐ржнрж┐рж▓,1
ржжржирзНржж,1
ржпрзЛржЧржжрж╛ржи,1
ржЖржУржп,1
рж╣рж▓ржи,1
ржорзБржЯ,1
рждрж╛рж░рзЗржХржЬрж┐ржп,1
ржПржЗржнрж╛ржм,1
ржПржХрж╕ржоржп,1
рж╕ржирзНрждрзНрж░рж╛рж╕рзАржжрзЗрж░,1
Mashallah,1
ржорзБржЦрж╛ржорзБржЦ,1
ржирж╛ржЧрж░рж┐ржХрзЗрж░,1
stepdwonyunus,1
ржкрж╛рж░ржЫрзЗржиржи,1
ржбрзБржм,1
ржкрж╛рж▓рж┐ржпрж╝рзЗржЫ,1
ржжрзЛрж╖,1
Yoo,1
prodhan,1
ржкрзМржЫрж╛ржд,1
ржжрзБржмрж╛ржпрж╝рзЗрж░,1
ржХрж╛ржЩрзНржХрзНрж╖рж┐ржд,1
Landia,1
ржПржЦржирзЛржУ,1
ржЙржл,1
ржПрж░рж╛ржЗ,1
hsc,1
ржПржо,1
рж╕рзНрждрж░рзЗрж░,1
laid,1
magi,1
Mujib,1
sontan,1
jormo,1
ржЬрж╛рж░,1
deche,1
рж╢рзНржмрзИрж░рж╛ржЪрж╛рж░,1
ржХрж░рзНржорж┐ржжрзЗрж░,1
ржЪрж┐ржирзНрж╣рж┐ржд,1
ржерж╛ржХрж╛ржХрж╛рж▓рзАржи,1
ржПржХржорж╛ржП,1
рж╕ржирзНрждрж╛ржирзЗрж░рж╛ржЗ,1
ржмрж┐ржмрзЗржХрж╣рзАржи,1
ржжрзЛрж╖ржЯ,1
ржжрзЗрж╢ржкрзНрж░рзЗржо,1
Islamir,1
рж░рзЗрж╢ржи,1
shobe,1
itbata,1
support,1
ржЪрж╛рж▓рзЗрж░,1
рж╕рзНрж░,1
level,1
ржПрждрзЛржжрж┐ржи,1
ржлрзНрж░ржирзНржЯ,1
dur,1
Hala,1
unvalid,1
gula,1
corrupt,1
bonddo,1
ржЕржХрзНржЯрзЛржмрж░,1
ржмрж┐рж░рзЛржзрзАрж░,1
field,1
have,1
рждрж╛рж░рж┐ржЦрзирзжрзирзк,1
initiative,1
If,1
Cdi,1
worry,1
even,1
scared,1
ржЕржнрж┐рж╢рж╛ржк,1
agami,1
ржирж┐ржЬрзЗржЗ,1
pocha,1
plastic,1
ржЫрзБрж░,1
рждрждрзЛржЗ,1
surgery,1
рж╢рзГржиржЦрж▓рж╛рз╖,1
ржжрзНржп,1
ржУржи,1
koirao,1
lav,1
ржпрж╛ржЗржи,1
рзмржорж╛рж╕,1
рзйржЕржержм,1
ржПржЧрзНрж░рзЗрж╕рж┐ржн,1
ржЫрзЗржи,1
ржЖрж╕рзНрж╣,1
ржирж┐ржЬрзЗржжрзЗрж░,1
ржЖрж▓рзЛржЪржи,1
рж╕ржоржирзНржмржпрж╝ржХржжрзЗрж░,1
рж▓рзЗржЧ,1
рж░рж╛ржЬрзНржЬрж╛ржХ,1
Tareq,1
Zia,1
dese,1
capital,1
development,1
рж╣рзЗржи,1
about,1
ржПржбржнрзЛржХрзЗржЯ,1
jamayate,1
eta,1
strongly,1
ржЕрж╕ржирзНрждрзЛрж╖рзНржЯ,1
ржмрж╢рж┐рж░ржХ,1
te,1
ржмрзЗрж░рзНрже,1
рж╢рж╛ржирзНрждрж┐рж░,1
general,1
greedy,1
socibaloy,1
Vote,1
Job,1
рзорзк,1
ржмрзНржпржВржХ,1
рж╢рзЛржирж▓рж╛ржо,1
рж╕рзЗржкрзНржЯрзЗржорзНржмрж░рззрзж,1
рж╕ржорж╛рж▓рзЛржЪржи,1
ржЪрж╛рж▓рж╛ржЪрзНржЫ,1
debir,1
azad,1
ржЖрж░рзНржерж┐ржХ,1
bloody,1
ржзрж╛рж░рж╛рж░,1
ржЕржмрж╕рзНржерж╛рж░,1
dabi,1
upekha,1
32,1
рж╣рж┐ржЬржмрзБржд,1
ржЕржирзНрждрж░рзНржнрзБржХрзНржд,1
dadak,1
houk,1
ржЗрж▓рж┐ржпрж╝рж╛рж╕ржжрзЗрж░,1
ржврзЗрж▓,1
baire,1
yyyy,1
рж▓рж┐ржбрж╛рж░,1
ржЪрзЗржк,1
ржнрж╛рж╢ржи,1
ржжрж┐ржЗржи,1
boira,1
sagol,1
ржХрзЛржорзНржкрж╛ржирж┐рж░,1
ржорж╛ржк,1
рж░рж╛рж╕рзНрждрж╛ржп,1
ржзржирзНржпрж╛ржмрж╛ржж,1
рж╕ржмрж▓,1
ржжрзБрж░рзНржмрж▓рзЗрж░,1
ржмрж╕ржд,1
ржжрж┐ржирж╢рзЗрж╖,1
ржЙржжрзНржпрзЛржЧ,1
ржХрзНрж╖ржорждржп,1
ржмрзБрж▓ржХ,1
ржЫрж╛ржбрж╝ржмрзЗржи,1
hii,1
ржмрж╛ржЪрж╛ржУ,1
ржорж╛ржжрж╛рж░рж┐рж░,1
ржмрзБржЬрзЗржи,1
рж▓рзАржЧржПрж░,1
ржЦрж╛ржмрж╛рж░,1
ржирж╛рж░рж╛ржпрж╝рзЗрждржХржмрж┐рж░рзЗрж░,1
ржЬржпрж╝ржмрж╛ржВрж▓рж╛рж░,1
рж╕рж╛ржоржЧрзНрж░рж┐рж░,1
sabas,1
ржЧрж╛рж▓,1
ржЙржкрж╛ржз,1
ржХрзГрждржХрж░рзНржорзЗрж░,1
ржнрзБрж▓рж┐ржп,1
ржкрзНрж░рждрзНржпрж╛ржмрж░рзНрждржирзЗрж░,1
ржзрж╛ржк,1
ржмрзБржб,1
ржЦрж╛ржЯрж╛ржЗрж╕,1
dalal,1
ржПрж╕ржПрж╕рж╕,1
ржжрзВрж░ржд,1
dimu,1
рж╕рж╛ржзржи,1
ржЬржирзНржпржЗ,1
Eunus,1
Saheb,1
ржЕржкрж╢рж╛рж╕ржи,1
cancel,1
toder,1
pichon,1
dia,1
voira,1
ржкржирзНржп,1
ржЧрж░рж┐ржмрж░,1
ржорж░рждрзЗржЫ,1
ржЬржирждрж╛ржХ,1
ржЧржб,1
рждрзБрж▓ржм,1
us,1
Salue,1
awamil,1
16,1
ржкрзБржЯржХ,1
ржлрж╛ржЙрж▓,1
yo,1
ржирж╕рзНржпрж╛рзО,1
ржПржХрж╛рждрзНржо,1
рж╣ржКржи,1
ржлрж╛ржж,1
ржмрзЗрж╣рж╛ржд,1
jammat,1
ржкрзБрж▓рж┐рж╢рзЗрж░,1
ржорж┐рж╢ржи,1
ржкрж░рж┐ржпржжржж,1
ржЬржиржкрзНрж░рж┐ржпрж╝ржд,1
рждрж▓рж╛ржирж┐ржд,1
jara,1
tek,1
рж╕рж╛ржоржирзЗрж░,1
рж╕рж╣рж╛ржЗ,1
ржПржХрж╛ржЯрж╛ржЗ,1
biye,1
ржкрждрзНрж░,1
ржХрзНрж░ржп,1
ржкрзБрж░рзЛржи,1
masahallah,1
ржЖржорзАрж▓рж┐ржЧ,1
sodkhor,1
meticulously,1
designed,1
ржнрж╛рж░рждрж▓рзАржЧ,1
tari,1
dau,1
ржЖрж▓рж▓рж╛рж╣,1
ржЗржУржирзБрж╕,1
ржЪрж╛ржЯрзБржХрж╛рж░,1
ржЙржирзБрж╕,1
Thsanks,1
D,1
ржмрж╛ржЩрзНржЧрж┐рж╕рзНржерж╛ржи,1
ржнрзБрждрзЗрж░,1
ржЧрж▓рзНржк,1
ржЖрж▓рж╣рж╛ржоржжрзБрж▓рж┐рж▓рзНрж▓рж╛рж╣рз╖,1
рж╕рж╛ржЬрзЗрж╢ржи,1
ржлрзЗрж▓рзБржи,1
ржнрзЗржЩ,1
ржнрзЛржЧ,1
рждрж╛ржУржпрж╝рж╛рж▓,1
рж╕рзЛржЬ,1
ржХржб,1
ржкрзЗржжрж╛ржи,1
ржЬрзАржмржирзЗржУ,1
dhor,1
jobai,1
kor,1
ржЕржирзНрждржмрж░рзНржд,1
ржирж╛ржЯрзЛржХ,1
ржЙржирж╛ржХ,1
100ржнрж╛ржЧ,1
ржЬрж╛рждрзАржХ,1
ржжрж┐ржирзЗржУ,1
smilingAwami,1
smiling,1
ржЖрж▓рзЛржХ,1
рж╢рж╣рж░рзЗрж░,1
ржПрж▓рж╛ржХ,1
ржмрж┐рждрзНрждрж┐ржХ,1
ржирж┐рж░рзНржзрж╛рж░рж┐ржд,1
ржмрж╛ржбрж╝рж┐рж░,1
ржорж╛рж▓рж┐ржХрж░,1
ржнржжрзНрж░,1
ржЙржарж╛ржмрж╕,1
Minister,1
wlc,1
ржмрж┐ржмрзГржд,1
рзкржмржЫрж░ржкрж░,1
рж░рж╛рж╖рзНржЯрзНрж░ржХрзНрж╖ржорждрж╛ржп,1
ржжрзБржЪ,1
ржжрж╛ржпрж╝ржорзБржХрзНржд,1
рждржЦржи,1
ржорж╛ржиржмрж╛ржзрж┐ржХрж╛рж░,1
ржХрж╛ржорж▓,1
ржЖржУржпрж╝рж╛ржорзАржЧ,1
ржЬржВрж▓,1
RAB,1
ржнржжрзНрж░рж▓рзЛржХржжрзЗрж░,1
рззрзм,1
ржЧрж╛ржЗржм,1
ржпрзБржмржХржХ,1
ржмрзЗржХрж╛рж░,1
ржзрж╛ржиржХрзНрж╖рзЗржд,1
ржкрж╛ржЯ,1
ржмрж╛ржЩрж╛рж▓рж┐рж░,1
ржирж┐ржХрзГрж╖рзНржЯ,1
ржзрж╛рж░ржирзЗрж░,1
ржоржиржорж╛ржирж╕рж┐ржХржд,1
ржПржЗржнрж╛ржмрзЗржЗ,1
ржмрж╛рж░рж╛ржЗрждрж╛ржЫ,1
ржорж╛рж╣ржорзБржжрж░,1
ржжрзЗржУ,1
mcbc,1
ржжрзИрж░рзНржШрзНржп,1
ржзржирзНржирзНржпржмрж╛ржж,1
BONGO,1
BONDU,1
trump,1
aaa,1
gaya,1
beta,1
ржЖрж╢рзНржмрж╛рж╕рзЗрж░,1
thnx,1
ржорзЗржЬрж░,1
ржлрж╛рж░рзБржХрзАржжрзЗрж░,1
ржнрж╛ржЗржжрзЗрж░,1
ржПржоржкрж┐ржУржнрзБржХрзНржд,1
рж╢рж┐ржХрзНрж╖рж╛ржкрзНрж░рждрж┐рж╖рзНржарж╛ржи,1
ржЬрж╛рждрзАржпрж╝ржХрж░ржг,1
ржЙрж▓рзНржЯ,1
ржкрж╛рж▓рзНржЯ,1
рж╕рзЛрж╢рзНржпрж╛рж▓,1
Nowka,1
prime,1
ржорж╛рж╣ржЬрж╛ржмрж┐ржиржХ,1
ржорж┐ржо,1
ржкрж░рж┐ржоржи,1
rotera,1
ржжрзЗрж▓рзЛржпрж╝рж╛рж░,1
рждрзБрж▓рзЗржи,1
mc,1
Shuvo,1
kamona,1
gooooooooooooooooood,1
ржжрзЗржпрж╝ржмржорзБрж▓,1
ржЖржЬржУ,1
ржлрзЗрж╕ржмрзБржХ,1
ржкрзЛрж╕рзНржЯ,1
ржкрж╛рж░рж┐ржи,1
ржнржпрж╝ржЯ,1
Jamat,1
awamelig,1
ржкрж╛ржУржп,1
ржжрзБрж╖рзНржХрж░,1
ржкржбрж╝ржЫ,1
ржХрж╛рж░рж╛рж░,1
ржмрж┐рж╢рзНржмрзЗрж░,1
рж╕рзЗрж░,1
ржЙржЗржирзБрж╕,1
Tara,1
manosi,1
Nouka,1
ржмрж╛ржЧрзЗрж░рж╣рж╛ржЯ,1
Hedam,1
Oi,1
Ei,1
ржХржУржорзАржорж╛ржжрзНрж░рж╛рж╕рж╛рж░,1
рж╕ржирж╛ржХрзНржд,1
Jatiya,1
Hussein,1
Ershad,1
hy,1
ржЗрж╕рж▓рж╛ржорж┐ржЖржирзНржжрзЛрж▓ржи,1
aha,1
рж╕рзБржирзНржжрж░ржнрж╛ржм,1
рж╣рж╛рж░ржкрзАржХ,1
ржирж╛ржЗржб,1
ржмрж┐ржПржи,1
ржЕржкржХрж░рзНржо,1
ржХрж░рждрж╛ржЫ,1
Harpik,1
bNgla,1
ржЧрж░рзБрж░,1
ржорж╛ржВрж╕рзЗрж░,1
ржЦрж╛ржЗржд,1
suiiiiiiiiiiiiiiiiiiiiiiiii,1
yes,1
lhig,1
ржкрж░рж┐ржгржд,1
ржжрзЗржЦрзЗржи,1
рж╢рж┐ржмрзЗрж░рзЗрж░,1
ржЪрзБржж,1
DR,1
ржирзАрждрж┐рж░,1
ржЧрзНрж░рж╛рж╣ржХрзЗрж░,1
ржЖржорж╛ржиржд,1
ржЪрж╛рж╣рж┐ржм,1
рж╕рзНржмржкрзНржиржХ,1
ржжрзБржГрж╕рзНржмржкрзНржи,1
dekhlei,1
ржЖржмржжрзБрж▓рзНрж▓рж╛рж╣,1
khun,1
korben,1
Brazil,1
New,1
couch,1
yeah,1
sigma,1
ржЫрж╛ржПржЬржиржд,1
ahad,1
рж╣рж╛рж╕ржирж╛ржд,1
Jindabad,1
buya,1
boyam,1
рж╕рзНржмржЪрзНржЫрждрж╛рж░,1
esob,1
bepare,1
nojor,1
dewa,1
dorkar,1
ржХрж╛рж╕,1
ржЯрж╛ржЗ,1
ржмрж╛рж╣рж┐ржирж┐ржХ,1
ржжрзВрж░рзНржирзАрждрж┐рж░,1
рж╕ржХрж▓ржХ,1
рж╕рждрж░рзНржХрждрж╛рж░,1
yanus,1
ржХрж░рзНржоржХрж╛ржгрзНржб,1
ржЬрж╛рж░ржЬрж▓рзАржЧ,1
рж╕рзБржжрзАрж░ржнрж╛ржЗ,1
Doctor,1
рж╢рж╛ржЦ,1
ржЧрзЛржп,1
ржжрж┐рждрж╛ржЫ,1
bura,1
khatas,1
july,1
jeno,1
sohoje,1
passport,1
easily,1
rigth,1
Bou,1
niog,1
ржмрж▓рж╛рж░,1
ржнрзЛржЯржХрзЗржирзНржжрзНрж░,1
ржмрж▓рж┐ржпрж╝рзЗржи,1
рждрзЗрж▓,1
рж╢рзЛржзржирж╛ржЧрж╛рж░,1
ржХрзЗржирзНржжрзНрж░,1
рж╕ржЪрж▓,1
ржмрж▓ржмрзЗржи,1
ржкрждрзНрж░рж┐ржХрж╛рж░,1
рж╕ржорзНржкрж╛ржжржХ,1
ржЬржирж╛ржм,1
ржмрж╛ржбрж╝рж╛ржирзЛрж░,1
harpik,1
everyone,1
apanr,1
ra,1
bahire,1
loan,1
ржЪрзМржЦ,1
ржмрзНржпржмрж╕рзНржд,1
Khanki,1
faruuuki,1
Messi,1
Goat,1
ржПржХржЯрж╛ржЗ,1
ржЙржжрзНржжрж╢рзНржп,1
ржкрж╛рж▓рж╛ржи,1
ржбрж╛ржХрж╛рждрж┐ржд,1
ржмрж┐ржи,1
ржЪрж┐ржХрж┐рзОрж╕рж╛ржп,1
ржмрж▓ржЫ,1
рж▓рзБрзОржлрзБржЬрзНржЬрж╛ржорж╛ржи,1
hotao,1
protibondi,1
ржЬрж┐ржирж┐рж╕ржкрждрзНрж░,1
ржЙржкржХрзГржд,1
рж╕рзНржмржкрзНржирзЗрж░,1
ржмрж┐ржирж┐рж░рзНржорж╛ржг,1
Sud,1
kur,1
re,1
bikari,1
banaya,1
carbo,1
leaggue,1
ржЕрж╕ржирзНрждрзБрж╖рзНржЯ,1
ржжрзЗрж╢ржирж╛ржпрж╝ржХ,1
ржмржЗрж▓рзЗржи,1
Magi,1
ржПржХрж╢ржд,1
ржЪрзБрж▓,1
ржорзГржирж╛рж▓рзЗрж░,1
ржмрзЗржб,1
ржкрж╛рж░рзНржЯржирж╛рж░,1
DSKM,1
ржмржирзНржпрж╛ржп,1
ржХрзНрж╖рждрж┐ржЧрзНрж░рж╕рзНрждржжрзЗрж░,1
ржмрж▓ржЫрж┐рж▓рзЗржи,1
khorr,1
deac,1
рж╢рж┐рж╖,1
ржмржХрж░,1
рж╕рж┐ржжрзНржжрж┐ржХ,1
ржЗрж╢рж▓рж╛ржо,1
shud,1
khore,1
teg,1
banglar,1
des,1
Kore,1
рж╢рзГржВржЦрж▓,1
ржХрж░ржмрзЗржиржи,1
рж╣рж╛рж╕ржи,1
bangbo,1
ржЪрзМржжрзНржжржЧрзБрж╖рзНржЯ,1
рж░рж╛ржЦржм,1
besi,1
ржнрж╛ржУрждрж╛ржмрж╛ржЬ,1
ржкрж╛рж╛ржЦ,1
ржмржЧржмржЧ,1
ржЖржЗ,1
ржЖрж▓рзНрж▓,1
ржкрзБрж░ржг,1
hada,1
ржжрж░,1
ржорзГржгрж╛рж▓,1
liar,1
Kaka,1
ржХрзБржд,1
ржЬрж┐рждржм,1
Rights,1
ржХржиржбржорзЗрж░,1
ржЖрж╕рж┐ржм,1
рж╣рзБржХ,1
ржЖржХрж╛ржЩрзНржХрзНрж╖рж╛рж░,1
ржкрзНрж░рждрж┐ржХ,1
рж╣рж╛ржЬрж┐рж░,1
ржмржХрзНрж╕,1
ржорзБржирж╛ржлрж┐ржХржЧрзБрж▓,1
рж▓рж╛рж╣рж╛ржм,1
ржХрж╛ржирзНржд,1
ржЬрзБрж▓рж╛ржЗ,1
ржЧржирж╣рждрзНржпрж╛ржп,1
рж╕рзИрж░рж╛ржЪрж╛рж░рзЗрж░,1
ржЪрж░ржо,1
рж╣рж┐ржЬрж▓,1
Xyz,1
kalema,1
jopen,1
harpick,1
leager,1
dekhi,1
feraun,1
15,1
ржкрзЛрж╖ржг,1
ржкрзБрж░рж╛ржкрзБрж░,1
ржкржпржирзНржд,1
рж╣рж┐ржирзНржжрзБржжрзЗрж░,1
рж╢рзНрж░рзАрж░рж╛ржо,1
ржЙрзОржкрждрзНржд,1
ржиржорж░рзБржж,1
ржПржХржд,1
ржкрзЗрж░,1
ржмрж╛ржбрж╝рж╛ржд,1
sr,1
ржорзЗржпрж╝рж╛ржжржЙрждрзНрждрзАрж░рзНржг,1
рж╕рзНржмрзИрж░рж╛рж╢рж╛рж╕ржХ,1
polaisere,1
fuck,1
amilig,1
ржЬржпрж╝ржмрж▓рзНржЯ,1
BONGOBNDHU,1
ржШржЯ,1
ржмрж╛ржЯ,1
ржмрзБржп,1
sontrasi,1
ржУржЗрж╕ржм,1
tomader,1
pison,1
vhorbo,1
рж▓ржЩрзНржХрж╛ржп,1
рж░рж╛ржмржи,1
ржЖржЙржЯрж╕рзЛрж░,1
ржЧрзНрж░рж╛ржорж┐ржи,1
рж╕рзБржжрж┐ржЗржЙржирзБрж╕,1
Profesor,1
Unus,1
ржЖржмрзЗржЧ,1
ржХржарзЛржи,1
ржкрзЗржЯ,1
ржкрзГржерж┐ржмрзАрж░,1
dadu,1
jaw,1
Jai,1
bangabandhu,1
рж╕рзБржзржЦрзЛрж░,1
iskon,1
BONGOBONDHU,1
ржлрж╛рж░ржХрж┐рж░,1
ржлржЦрж░рзБржжрзНржжрж┐ржирзЗрж░,1
ржмрзБржЭрж▓рж╛ржо,1
ржЗрждрж┐рж╣рж╛рж╕,1
ржкрзНрж░рзЗрждрж╛рждрзНржорж╛ржжрзЗрж░,1
ржлрзНржпрж╛рж╕рж┐рж╕,1
ржлрж┐рж░ржм,1
ржЧрзЛрж▓рж╛ржо,1
ржЕржЩрзНржЧрж░рж╛ржЬрзНржп,1
ржарж╛ржБржЗ,1
south,1
Korea,1
ржорж┐ржерзНржпрж╛ржмрж╛ржж,1
jaben,1
Kobe,1
lige,1
dar,1
khob,1
рж╕рж┐рж░рж╛ржЬ,1
ржкржжрзНржорж╛рж╕рзЗрждрзБрж░,1
ржирж╛ржЯржмрж▓рзНржЯ,1
mitta,1
ktha,1
bolien,1
рждрж╛ржХрж╛ржи,1
ржмрж╛рж▓,1
ржХрж┐ржЪ,1
NOUKA,1
ржЯрзНрж░рж╛ржорзНржкрж▓рзАржЧ,1
ржЧржЬ,1
jole,1
hmm,1
ржЖрж╢рзНржмрж╛рж╕,1
ржЪрж╛рж▓рж╛ржЗржмрзЗржи,1
ржЗрж╕рж░рж╛ржЗрж▓,1
ржжрзБрж░рзНржмрзГрждрзНрждржжрзЗрж░,1
ржорзЗржЯрж┐ржХрзБрж▓рж╛рж╕,1
ржкрзНрж▓рзНржпрж╛ржи,1
BangladeshCrisis,1
SaveBangladesh,1
BangladeshPolice,1
рж▓рзНржпрж╛рж╕ржкрзЗржирзНрж╕рж╛рж░ржжрзЗрж░,1
ржЖрж▓ржоржХ,1
ржкрзБрже,1
рж╕рзЛржирж╛ржнрж╛ржирзЗрж░,1
val,1
cirtecho,1
ржЫрж╛рждрзНрж░рж▓рзАржЧ,1
ржмржВржЦржнржирзНржб,1
ржнрж┐ржЯрж┐ржм,1
рж╕рж╛ржпрж╝рж╛ржирзЗрж░,1
ржЧрж╛ржирзЗрж░,1
many,1
police,1
others,1
died,1
apnare,1
dirgho,1
ayo,1
dan,1
kruk,1
ржмрж┐ржЦрзНржпрж╛ржд,1
ржлржЯрзЛрж╕рзЗрж╢ржи,1
ржнрж╛ржмрзБржи,1
ржЧрж┐ржпрж╝рзЗржЫрзЗржи,1
NOUKAAAAAAAAAAAAAAAAAAAAAAAAAAAAAAAAA,1
ржнрж░ржм,1
рж╕рзНржЯрзНрж░,1
DrYunus,1
рж░рж╛ржЬржирзАрждрж┐ржд,1
cobi,1
tulto,1
ржЙржорзНржоржд,1
рж╣ржЗржпрж╝рж╛ржУ,1
ржорзБрж╕рж▓ржорж╛ржи,1
korana,1
ken,1
Daduuuuuu,1
ржЯрзЗрж▓рж┐ржнрж┐рж╢ржи,1
рж╣рж╛ржпрж╝рж░,1
ржорж┐рж╕ржирж┐ржЯ,1
helicopter,1
рж╕рзЛржирзЗржи,1
ржХрж▓рж┐ржЬ,1
ржарж╛ржирзНржб,1
ржкрж▓рж┐рждрж┐ржи,1
Ki,1
dalali,1
korlo,1
ржПржЧ,1
ржкрж▓рж┐ржерж┐ржи,1
ржорж╛ржерж╛ржмрзНржпрже,1
niye,1
apar,1
asche,1
ржЕржХрзЗржЬ,1
ржЗржЙржЯрж┐ржЙржм,1
рж╕рзНржерж╛ржп,1
ржЪрж╛ржЗрж▓,1
ржХржВржЧрзНрж░рзЗрж╕,1
ржШрзБржорж╛ржм,1
ржЯрзЛржЯрж╛рж▓,1
ржбрзБржмрж╛ржЗржд,1
рзйрзжрзжрзж,1
ржмрзНржпржкрж╛рж░,1
ржирж┐ржЙржЬ,1
ржмрзБрж░,1
tur,1
ржЗржЙржирзБржж,1
ржмржХрзНрждрзГржд,1
ржЪрзАржи,1
ржкрзНрж░ржзрж╛ржиржоржирзНрждрзНрж░,1
ржЬржЧржгрзЗрж░,1
ржерзЗржЗржХ,1
sheik,1
nar,1
haq,1
katha,1
advisor,1
рж╣рж┐ржЬржбрж╝рж╛ржжрзЗрж░,1
ржЬрж╛ржирж╛ржирзЛрж░,1
Make,1
рж╕ржирзНржорж╛ржи,1
ржкрзНрж░ржЧржд,1
рж╣ржЗрждрзЗржЫ,1
ржмрж╛ржВрж▓рж╛ржжрзЗрж╢рж░,1
ржХрзЛржЗ,1
ensure,1
voice,1
revolution,1
reflected,1
affairs,1
sure,1
ржУржпрж╝рж╛рж▓рж╛ржЗржХрзБржо,1
these,1
revolutionaries,1
loose,1
oblivion,1
allow,1
old,1
expired,1
snatch,1
ржЬрж╛рж▓рзЗржо,1
ржорж┐ржЫрж┐рж▓,1
ржкрж░рж╛ржЬрж░,1
ржпрж╛рж░рж╛рзнрзз,1
ржмрзАржЬ,1
ржмржВрж╢ржЧржд,1
ржирзИрждрж┐ржХ,1
big,1
fan,1
ржЗржЙржирзЛрж╕,1
рж╖рж╛ржБржб,1
рждрзЛржорж░,1
ржЖржорж░рж╛ржЗ,1
рж╕ржорж▓рзЛржЪржи,1
heyyy,1
wats,1
ржорж╛ржЗржирж╛рж╕,1
apnak,1
Rajneeti,1
hoyni,1
sudhu,1
shudhu,1
gali,1
khan,1
ржЬрж╛ржирзЗржи,1
ржПржХржмрж╛рж░ржЗ,1
ржкрж░рж╛ржзрзАржиржд,1
AttackOnPolice,1
baglaaaaa,1
рждрж░рзБржгржжрзЗрж░,1
ржЖржкржирж╛рж░ржжрзЗрж░,1
ржЬрж▓ржи,1
ржЙржЗржа,1
ржжрж╛рж░рзБржи,1
рж╕рж╛рж░ржХ,1
ржмрж┐ржмрзНрж░ржд,1
ржмрж╛ржЪржм,1
70000,1
ржЯрж╛ржХрж╛ржп,1
ржХржорзЗржирзНржЯрж▓рзАржЧ,1
рж╕рж┐ржирзНржзрж╛ржирзНржд,1
рж╣рж╛рждрзЗржЗ,1
holei,1
рж╕рзНржВрж╕рзНржХрж╛рж░рзЗрж░,1
ржкрзНрж░ржжрж╛ржи,1
рждрж┐рж╢рж╛рж░,1
ржПржЗрж╕ржм,1
рж╕рзБрж░ржХрзНрж╖,1
ржЦрждрж┐ржм,1
рж╕ржорзНржнрж╛ржмржи,1
рж╕рждрзНржпрзЗрж░,1
рж╣ржарж╛ржУ,1
ржорж╛ржирж╕рж┐ржХрждрж╛рж░,1
ржкрзНрж░ржзрж╛ржиржжрзЗрж░,1
reject,1
ржжрзЛрж╖рж░ржжрзЗрж░,1
Khankirpola,1
ржмрж╛ржХрж┐ржжрзЗрж░,1
ржЖрждрзНржорж╛рж░,1
ржмрж╛ржбрж╝рж┐ржШрж░,1
ржкржбрж╝рж╛рж░,1
ржХрж┐ржЫрзБржХрзНрж╖ржг,1
ржПрж╢рж╛рж░рзЗрж░,1
ржЖржпрж╛ржи,1
ржУржпрж╝рж╛ржХрзНржд,1
рж╕рж╛рж▓рж╛ржд,1
ржЖржжрж╛ржп,1
Student,1
VISA,1
Murder,1
2018,1
рж╕рж░рж╛ржУ,1
Europe,1
embassy,1
VFX,1
global,1
nepal,1
chay,1
bangadesher,1
lelot,1
apnke,1
ржирж┐ржпрж╝ржирзНрждржи,1
hal,1
ржкржбрж╝рзЗржЫ,1
ржЪрж┐ржирзНрждрж┐ржд,1
ржмрж╛рж░ржВржмрж╛рж░,1
bomgoboltu,1
gorib,1
ржЦрж╛ржжрзНржпржжрзНрж░ржмрзНржп,1
ржкрж╛ржЦрж╛рж░,1
ржЬрж┐ржирзНржж,1
klanti,1
kale,1
dhorar,1
ржЪрж┐ржП,1
awameleague,1
off,1
ржмрзЗржиржЬрж┐рж░,1
рж╣рж╛рж░рзБржи,1
ржкрзЛржбрж╝рж╛рж░,1
Hlw,1
ржмрж╛рж░рзЛржЯ,1
ржмрж╛ржЬрж┐ржп,1
ржжрж┐ржпрж╝рзЗржЫрзЗржи,1
ржкрж░рж┐ржЪрж╛рж▓ржирж╛ржп,1
рж▓рзАржкрзНржд,1
ржЦрзБржиржЦрж╛рж░рж╛ржм,1
ржжрзБрж░рзНржмрзГрждрзНржд,1
ржЖрж░рзЗржХ,1
ржмржжрж▓рж╛ржд,1
ржжрзГрж╖рзНржЯрж╛ржирзНржд,1
ржорзБрж▓ржХ,1
ржкрзНрж░рж╕рж╛ржмржЦрж╛ржи,1
wtf,1
ржЖржЬржХрзЗрж░,1
ржЯрзЛржи,1
ржнрж┐ржирзНржи,1
gulo,1
mallu,1
рж╣ржарж╛рзО,1
Nice,1
chaliye,1
wishes,1
ржорж╛рж░рж╣рж╛ржм,1
рзкрзз,1
holo,1
рж╢рж╛ржпрж╝рзЗржЦ,1
рж╕ржорзНржорж╛ржирж┐ржд,1
ржЪрж▓рзБржи,1
ржжрж┐ржиржЧрзБрж▓рзЛржд,1
ржкрж╛рж▓рж╛ржмрзЗржи,1
ржмрж╛ржХрж╢рж╛рж▓рзЗрж░,1
ржЪрж╛рж░ржкрж╛рж╢рзЗрж░,1
ржмрж╛ржирзНржжрж░рзЗрж░,1
faw,1
ржЖржорж┐ржЗ,1
ржорж╛рж░рж╛рж░,1
ржжрж╛ржУ,1
ржЕржмрж╕рзНржд,1
рж╣ржпрж╝ржд,1
Farooki,1
podotag,1
ржУрж▓рж╛ржо,1
рж╕рзБржн,1
may,1
ржмржЩрзНржЧ,1
dear,1
bos,1
ржбрзНрж░рж╛ржЗржн,1
ржЖржиржЫрзЗржи,1
ржмрзЗржХрж╛рж░ржжрзЗрж░,1
ржмрзЗржбрж╝рзЗржЗ,1
рж╕ржХрж╛рж▓,1
ржмрж┐ржХрж╛рж▓,1
рж░рзВржкржмрж╛ржи,1
ржЧрзАржд,1
ржкрзНрж░рж╛ржмрж╛рж╕,1
ржЖржпрж╝ржи,1
ржмрзБржм,1
ржЯрж┐ржнрж┐ржХ,1
ржжрзЗрж╢ржЧрзБрж▓рзЛрж░,1
ржмржирзНржзрзБрждрзНржм,1
ржжрзЗрж░ржХ,1
рждрзМржлрж┐ржХ,1
ржкржбрж╝ржд,1
ржЖрж╕рж▓рж╛ржо,1
hasu,1
apa,1
gamja,1
рж╣ржпрж╝рзЗржЫрж┐рж▓,1
ржмрж┐ржкржжржЧрзНрж░рж╕рзНржд,1
ржорзБржЦрзЛржорзБржЦ,1
ржмрж╛ржЫрж╛ржУ,1
hahahaha,1
ржорж╛рж╕рзНржЯрж╛рж░,1
ржорж╛ржЗржирзНржб,1
рждрзЛржорж╛рж░ржЗ,1
ржЦржп,1
ржмрж╛ржЩрж▓рж╛рж░,1
ржЬржпрж╝ржмржЩрзНржЧржмржирзНржз,1
ржЗржЙржирж┐рж╕,1
ржЖржпрж╝ржирж╛рж░,1
ALHAMDULILLAH,1
THANGYOU,1
pododeg,1
ржЕрждрзАржд,1
WE,1
LOVE,1
YOU,1
lieg,1
bangobodhu,1
ржжрзНрж░рзБрждржЧржд,1
ржмрж┐ржирзАржд,1
donnobad,1
jamuna,1
tv,1
ржлрзЛржХрж░ржЙржжрзНржжрж┐ржи,1
Feraun,1
ржЕржирзНрждржмржд,1
ржЕрж╢рзБржнржХрж╛ржоржи,1
shekh,1
ржжрзЗржпрж╝рж╛рж▓,1
ржорзБржд,1
ржжрж╛ржоржЯ,1
ржирж┐ржпрж╝ржирзНрждрзНрж░ржгрзЗрж░,1
ржЬрж░рзБрж░рж┐ржнрж╛ржм,1
ржЕржержЪ,1
ржЙржкржжрзЗрж╖рзНржЯрж╛ржУ,1
ржирж╛рж╕ржкрзНржи,1
ржХржЦржирзЛржЗ,1
ржЙржкрж╛ржп,1
ржпрж╛ржмржд,1
kotta,1
ржирж░ржо,1
ржпрж╛ржЗржм,1
ржирж╛ржорж┐ржп,1
akbor,1
prio,1
neta,1
ржЪрж▓рждрзЗржЫ,1
ржЗржирзНржжржи,1
ржжрж╛ржд,1
рж╕рзЗржнрж╛ржм,1
ржкрзНрж░рждрзНржпрзЗржХржХ,1
ржмрж┐ржирзЛржжржи,1
ore,1
baba,1
kisu,1
korbi,1
niyog,1
abar,1
upodeshta,1
firse,1
sohid,1
satroder,1
tel,1
ржлрзНржпрж╛рж╕рж┐ржмрж╛ржжржХ,1
neii,1
v3,1
ржЖржорж▓рж╛рждржирзНрждрзНрж░,1
ржпрж╢рзЛрж░ржпрж╢рзЛрж░ржпрж╢рзЛрж░ржпрж╢рзЛрж░ржпрж╢рзЛрж░ржпрж╢рзЛрж░ржпрж╢рзЛрж░ржпрж╢рзЛрж░ржпрж╢рзЛрж░ржпрж╢рзЛрж░ржпрж╢рзЛрж░ржпрж╢рзЛрж░ржпрж╢рзЛрж░ржпрж╢рзЛрж░ржпрж╢рзЛрж░ржпрж╢рзЛрж░ржпрж╢рзЛрж░,1
ржЕрж╕рзБржмрж┐ржз,1
ржХрж░ржЪ,1
ржмрж┐рзВрзЗрж╢,1
ржЧржоржи,1
ржкрж░рзНржжрж╛ржп,1
ржЖржпрж╝рзЗрж╢,1
ржЫржм,1
kunu,1
ржорж╛ржерж╛рж░,1
ржЯрж╛ржирж╛ржи,1
ржЧржгржорж╛ржзрзНржпржо,1
R8,1
рж╕ржВрж╢рзЛржзржи,1
ржПржЦржиржЗ,1
ржЕрж╕рзНрждрзНрж░,1
anopatik,1
ржПржЦрзЛржи,1
ржлрзЗрж╕рж┐ржмрж╛ржжрзЗрж░,1
sujug,1
jawar,1
ржЪрзЗржпрж╝рзЗржУ,1
rig,1
ржЕрж╕рзНржХрж╛рж░рзЗрж░,1
ржЕржлрж┐рж╕рж╛рж░,1
рж╣рж▓рзБржж,1
ржХржкрж╛рж▓,1
30,1
minutes,1
ржжрж▓ржЗ,1
ржПржХржмрж╛рж░,1
рж╕рж╣ржЬржЧрж┐ржд,1
рж╕ржмржЪ,1
рж░ржХрзНрждрзЗрж░,1
katiye,1
ржмрзЗржЗржорж╛ржи,1
ржИржжрзЗрж░,1
ржХрж╖рж╛ржЗ,1
Faruqi,1
poddottag,1
ржЧржнрзАрж░,1
рж╕рзНржмрж╛рж╕рзНржерзНржпрж╕рзЗржм,1
ржЕржирзНрждрж░рзНржмржд,1
30minutes,1
pas,1
ржХржмрж▓,1
ржЪрж▓рж┐рждрзЗржЫ,1
рж╕рж╛рж░рзНржХрж╛рж╕,1
Habbe,1
рж╕ржиржж,1
рж╣ржпрж╝рж░рж╛ржирж┐рж░,1
рзирзжрзирзп,1
ржХржорзНржкрзНрж░рзЛржорж╛ржЗржЬ,1
ржЕрж╕рж╣рж╛ржп,1
рж░рж╛ржЬржирж┐ржд,1
ржЬрж╛ржм,1
ржирж┐рж╕рж╕,1
ржкрзНрж░рждрж╛рж░ржХ,1
ржПржЬрзЗржирзНрж╕,1
Sondor,1
A,1
boktobbo,1
ржЖрждрзНржоржЧрзЛржкржи,1
ржЧрзНрж░рзЗржкрзНрждрж╛рж░,1
ржЕржкрж░рж╛ржзрж┐рж░,1
ржмрж┐ржПржоржк,1
dirgo,1
meyadi,1
ржЙрждрзНрждрж░ржмржЬрзНржЮ,1
рж░ржВржкрзБрж░рзЗрж░,1
ржЖрждрзНржо,1
ржкрзМрж░рж╕ржн,1
satroshibir,1
рж╢рж┐ржХрзНрж╖ржХ,1
ржмржЗ,1
talented,1
country,1
follow,1
dad,1
advice,1
areas,1
modification,1
ржХрж╕рж╛ржЗ,1
ржЕржорж┐ржп,1
ржпржерж╛рждрже,1
ржЕржорзВрж▓рзНржп,1
рж╕рзНрж▓рзЛржЧрж╛ржиржЯрж┐ржХ,1
ржирж┐рж╖рзЗржзрж╛ржЬрзНржЮ,1
ржЖрж░рзЛржк,1
ржпрж╛рж░рж╛ржЗ,1
ржпрзБржХрзНржд,1
рж╕рж░ржХрж╛рж░ржЗ,1
ржмрзНржпрж╛рже,1
ржЪрзЗрждржирж╛ржп,1
ржПржжрзЗрж╢,1
рж╕рзНржХрзБрж▓рзЗрж░,1
рж▓рж╛ржЗржлржЯ,1
ржЬрзЗрж▓рж╛ржЧрзБрж▓рзЛржд,1
ржЗрж▓рзЗржХрж╢ржи,1
f4,1
ржЧрждрззрзм,1
ржмрж▓рзЗржЫ,1
ржЬржгржЧржг,1
ржЖржж,1
ржирж╛ржЧрж░рж┐ржХрждрзНржм,1
Ami,1
darabo,1
administration,1
speed,1
stop,1
4drf,1
рж╢рзБржирждрзЗржЫ,1
ржорж╛рж╣рж╛рждржм,1
рждрж╛рж╣рж╣,1
рж╣рзБржЬрзБрж░ржХ,1
ржЖржмржжрж╛рж░ржЯ,1
ржУржнрж╛рж░рж╕рзЗрж░,1
Tora,1
ржЕржирзНрждржнрж░рзНрждрзАржХрж╛рж▓рзАржи,1
ржмрзНржпрж░рзНржерж╣ржпрж╝рзЗржЫ,1
4f4fr4,1
chalie,1
ржмрж┐рж░рж▓,1
lagbo,1
рж╕рж╛ржкрзЗрж░,1
shantanera,1
рж╣рж░ржг,1
ржмрж┐ржЪрж╛рж░рж╣рзАржиржд,1
рж╕рждрзНржмрзЗржУ,1
ржмрзЗрж╢рзНржп,1
ржЪрж╛ржб,1
ржХрж╛ржХрзЗржУ,1
ржЪрж╛ржж,1
ржЬрж╛ржирж╛ржмрзЗржи,1
hankir,1
jarj,1
ржЧрзГрж╣рзАржд,1
ржкрзНрж░рзЗрж░ржгрж╛рж░,1
рж╕рж╛ржзрзБржмрж╛ржж,1
ржЙржаржм,1
agge,1
babe,1
shate,1
bole,1
рж╣рж╛рж▓рж┐ржо,1
ржоржЬрзБржоржжрж╛рж░,1
ржиржЬрж░рзБрж▓ржХ,1
рж░рж╛рж╖рзНржЯрзНрж░ржкрждрж┐ржХ,1
vosr,1
ржЧрзНрз░рзЗржкрждрж╛рж░,1
ржкрж┐ржпрж╝рж╛рж░,1
as,1
ржлрж╛рж▓ржд,1
stap,1
yonus,1
ржжрзВрж░рзНржмрж▓,1
рж╕рж╣ржпрзЛржЧрж┐ржд,1
Stepdown,1
ржмржЙ,1
ржмрзНржпржмрж╕рж╛ржп,1
sapport,1
sylhet,1
ржорзБрж╕рж▓рж┐ржо,1
uonos,1
рждрж╛ржбрж╝рж╛рж╣рзБржб,1
рж╣рзБржоржо,1
4r,1
ржирж╛рж╣ржп,1
рззрзо,1
рж╣рзЛржБржЪржЯ,1
poth,1
charer,1
рж░рж╛ржо,1
ржкржжрзНржзрждрж┐рж░,1
ржЗрждрж┐рж╣рж╛рж╕рзЗрж░,1
ржЬржиржХ,1
pass,1
idle,1
ржЕржЧржгрждрж╛ржирзНрждрзНрж░рж┐ржХ,1
Sector,1
improved,1
immediately,1
рж╣рж┐рж░рж╛рж░,1
Hijbutider,1
charte,1
ржорзБрж╣рзВрж░рзНржд,1
andolone,1
Jader,1
arthik,1
vabe,1
khotigrostho,1
hoiche,1
Dokan,1
poraiya,1
deoya,1
hoyechilo,1
satheo,1
jogajog,1
Dod,1
ржкрзГржерж┐ржм,1
ржнржпрж╝ржВржХрж░,1
ржжрзБрж░рзНржирзАрждрж┐ржорзБржХрзНржд,1
puppy,1
kothin,1
ржЦрзБржирзАржжрзЗрж░,1
ржжрзЗржЦрж╛ржи,1
ржкрж┐ржЫржи,1
рждрж╛ржХрж╛ржмрзЗржи,1
ржпрждрж╕ржм,1
dorniti,1
thank,1
l,1
western,1
clown,1
bortomane,1
like,1
Zelensky,1
рж▓,1
ржорзБрж╣рж╛ржорзНржорж╛ржжрзБрж░,1
рж░рж╛рж╕рзБрж▓рзБрж▓рзНрж▓рж╛рж╣,1
рж╢рж╛ржирзНрждрж┐ржкрзВрж░рзНржг,1
рж╣рж╕рзНрждрж╛ржирзНрждрж░,1
ржирж┐ржХрзЗрж╢,1
onno,1
jader,1
obostha,1
thakleo,1
ржжрзЗржЦрж╛ржЪрзНржЫ,1
Mon,1
apnk,1
kiser,1
barti,1
agula,1
koman,1
JOW,1
HOGA,1
SHAMLA,1
ржорж╛рж▓ржпрж╝рзЗрж╢рж┐ржп,1
Ja,1
cay,1
Apni,1
Moto,1
sorhik,1
real,1
movie,1
dekte,1
parben,1
allahhafej,1
Durbol,1
calano,1
kosto,1
durnitir,1
etihash,1
keui,1
рж▓рзЗрж░,1
ржнрж╛рж▓рзЛржЗ,1
com,1
ржкрж╛рж▓рж╛рждржХ,1
ржжрзБржГржЦрж┐ржд,1
ржкрж╛рж░ржЫ,1
aowami,1
рззрзк,1
ржирзЗрждрж╛ржХрж░рзНржо,1
ржлрж╛ржБрж╕,1
ржкрж░рж┐ржмрж╣ржи,1
рж▓ржХрзНрж╖рзНржоржг,1
oboidho,1
ржирж┐ржпрж╝ржЧ,1
ржЯрж╛ржиржб,1
ржЖржирзНржжрзЛрж▓ржиржХ,1
рж╕ржВржЦрзНржпрж╛ржирзБржкрж╛рждрж┐ржХ,1
ржХрж░рж┐ржУ,1
sogskar,1
ржмрзИрж╖ржорзНржпрж╣рзАржи,1
dibe,1
naki,1
70,1
ржорж╛рж╢,1
ржЪрж╛ржБржж,1
ржЖржЧрж╕рзНржЯрзЗрж░,1
рж░рж┐ржлрж┐ржЙржЬрж┐рж▓рзАржЧ,1
sthaponasoho,1
soyoskar,1
Union,1
chairman,1
batil,1
joruri,1
ржзрж░рзНрж╖ржи,1
ржПржЗржзржирзЗрж░,1
ржлрж╛рж╕рж┐рж░,1
рж░рж╛ржЙржЬрж╛ржи,1
ржЪржЯрзНрж░ржЧрзНрж░рж╛ржо,1
ржирзЛржпрж╝рж╛ржкрж╛ржб,1
рж╕ржВрж╕рзНржХрж╛рж░ржХрж░,1
ржХрж╛ржУржХ,1
ржЙржкржпрзЛржЧ,1
5ржмржЫрж░,1
ржирж┐ржмрж╛ржЪржи,1
рж░рзЗржорж┐ржЯрзЗржирзНрж╕,1
ржнрж╛ржмржи,1
ржкрзНрж░ржЬржо,1
рж░рж┐ржкрж┐ржЙржЬрж┐рж▓рзАржЧ,1
ржЬрж┐ржЬрзНржЮрзЗрж╕,1
рж▓ржЬрзНржЬрж╛рж╣рзАржи,1
ржлрзНржпрж╛рж╕рж┐рж╖рзНржЯ,1
Abid,1
ржмрзНржпрж╛ржмрж╕рзНржд,1
ржХрж░рзБржирз╖,1
ржмрж┐ржбрж┐ржЖрж░,1
ржжрзЗржЦрзБржирз╖,1
ржкрж░рж┐ржмрж╛рж░рзЗрж░,1
ржкрзНрж░рждрж┐рж╢рзЛржз,1
ржирзЗржм,1
ржбрзЛржирж╛рж▓рзНржб,1
ржЯрзНрж░рж╛ржорзНржк,1
Jason,1
bujte,1
ржирж┐рж░рзНржмрж╛ржЪржиржжрзЗржи,1
parsi,1
obostan,1
рж╢рзНрж░ржжрзНржзрзЗржп,1
ржнрж╛рж╖ржгрзЗрж░,1
ржПржХржоржд,1
ржнрж╛ржмрзЗржи,1
рж╕ржмрж╛рж░ржЗ,1
ржзрж╛ржирзНржж,1
ржлржЦрж░рзБржжрзНржжрж┐ржи,1
ржжрж╛рж░рзАржкрж╛рж▓рзНрж▓,1
ржжрж╛ржбрж╝рж╛ржд,1
ржХрзНрж╖рзБржзрж╛рж░рзНржд,1
рж╣рж╛рж╕рж┐ржирж╛ржЗ,1
ржмржжрж▓рзЗрж░,1
ржЧрзНржп,1
ржЧрзНрж░рзБржкрзЗрж░,1
ржоржм,1
ржЬрж╛рж╖рзНржЯрж┐рж╕рзЗрж░,1
ржлрзНржпрж╛ржХрзНржЯ,1
ржПржкрж┐ржа,1
ржУржкрж┐ржа,1
ржкрзНрж░ржЪрж╛рж░ржи,1
ржорзВрж▓рзНржпрж░,1
ржирзЗрждрж╛рж░,1
ржЫрзЗржп,1
ржкрзНрж░рждрж┐рж╖рзНржарж╛рж░,1
ржирж┐рждрж┐рж░,1
ржЪржб,1
idea,1
koron,1
ржлрж╛рж░рзБржХрж┐ржХрзЗржЕржмрж╕рж╛рж░ржи,1
ржорзЛржбрж╝рж▓ржЧржЮрзНржЬ,1
ржмрж╛ржЧрзЗрж░рж╣рж╛ржЯрзЗрж░,1
рж░рж╛рж╕рзНрждрж╛ржШрж╛ржЯ,1
ржУржЗржжрж┐ржХ,1
ржЦрзЗржпрж╝рж╛рж▓,1
ржмрзЛржЯ,1
ржЪрж╛ржЗрж▓рж┐ржп,1
рж╕ржорж╛ржп,1
ржЪрж╛ржУржпрж╝рж╛рж░,1
ржорзБржирж╛ржлрж┐ржХрзЗрж░,1
ржЕржирзБржкрзНрж░рж╛ржгрж┐ржд,1
ржмрж┐ржкржХрзНрж╖,1
ржорждрж╛ржорждржХ,1
ржжрж╛ржмрж┐ржЧрзБрж▓,1
ржмрж┐ржмрзЗржЪржирж╛ржп,1
рж╕рж╖рзНржХрж╛рж░,1
рж╕ржВрж╕ржж,1
egiye,1
ржЗрждрж┐ржоржзрзНржп,1
ржЧрзЗржЫрзЗржи,1
ржмрж╛ржБрж╢ржЦрж╛рж▓,1
ржпрж╛ржЭрж╛ржХржЖрж▓рзНрж▓рж╛рж╣,1
ржЦрж╛ржЗрж░рж╛ржи,1
рждрж╛ржпрж╝рзИржм,1
рж░рж╛ржЗржЯ,1
ржЕржирзБрж╕рж░ржг,1
sniper,1
ger,1
khuje,1
ber,1
ржмрзЗрж╕,1
ржпрж╛рж░ржп,1
gesa,1
Naira,1
Chor,1
рж╕ржВржпрзБржХрзНржд,1
ржЖржХрж╛ржЩрзНржХрзНрж╖,1
рж╕рж╛ржХрж╕рзЗрж╕,1
ржХрзЗржпрж╝рж╛ржоржд,1
year,1
if,1
needed,1
remove,1
alliance,1
yr,1
ржмрзНржпржмрж╕рж╛ржпрж╝рзАрж░,1
ржЪрж╛рж▓рж╛ржХ,1
ржорзЛржж,1
ржХржорж┐ржЯрж┐рж░,1
banner,1
poster,1
ржмрж┐ржжрзНржмрзЗрж╖,1
Sara,1
jiboner,1
ржкрж░рж┐ржЪрж▓ржи,1
Deshe,1
ржЧржбрж╝рждрзЗржЗ,1
ржнрж┐ржбрж┐ржУ,1
mara,1
ржЬржпрж╝ржмрж╛ржВрж▓рж╛ржп,1
ржмрзЗрж╕рзНржЯ,1
рж╣ржпрж╝ржЗржи,1
рждрж╛рж░ржкрж░ржУ,1
рж╕ржХрж▓рзЗрж░,1
P,1
ooooookkkkkkkkk,1
рзлрзж,1
Dhur,1
рж╕рж▓рж┐ржорзБрж▓рзНрж▓рж╛рж╣,1
ржорж╛рж╣ржорж┐ржжрзБрж░,1
рж▓рж╛ржерж┐ржорж╛рж░,1
ржкрж╛рж▓рж╛ржУ,1
ржлрж╛рж╕рж┐ржмрж╛ржжрзЗрж░,1
ржкрзБржирж░ржмрж╣рж╛рж▓,1
aporipokko,1
Nile,1
biridhita,1
korbo,1
ржкрзНрж░рждрж┐ржмржирзНржзрзАржжрзЗрж░,1
ржмржирзНржп,1
рж╕рж╣рж╛ржпрж╝рждрж╛ржп,1
ржлрж╛ржирзНржб,1
okkkkkkkkkk,1
ржЖржиржм,1
ржЖржЯ,1
sobai,1
ржмрж╕рждрж┐ржЫрзЗржи,1
ржирж┐рж╢рзНржЪржп,1
ржорждрж▓ржм,1
ржЬрж┐ржирзНржжрж╛ржк,1
hole,1
apnake,1
bolbo,1
Bnp,1
ржорж╛ржлрж┐ржпрж╝рж╛ржжрзЗрж░,1
okkkkkkkkkkkkk,1
comments,1
ржЧржЬржм,1
рж╣рзЗржЧ,1
ржпрзЗржп,1
рж╣рж╛ржЧ,1
ржЪрж▓рзБржХ,1
ржмрзИрж╢рзНржмрзНржпржорж╣рзАржи,1
ржХржирзНржЯрзНрж░рзЛрж▓,1
ржирж┐рж░рзАрж╣,1
Younes,1
рж╣рждрзНржпрж╛ржп,1
ржЖржорзНрж▓рж┐ржЧ,1
рж░рзЗржЗржЬ,1
рж╕рзЗржЯрж╛рж░,1
ржХрждржжрзВрж░,1
ghesay,1
maney,1
tokai,1
kutta,1
ржЖржЬржХрзЗржЙ,1
рж▓рзЛржЯ,1
step,1
faruqi,1
ржЖрж╕ржирзНржи,1
Rendi,1
Jahannam,1
ржЖржмрж╛рж░ржУ,1
ржЖржЩрзНржХрзЗрж▓,1
ржкрзНрж░рждрж┐ржжрж┐ржирзЗрж░ржЬрзБржпрж╝рзЗрж▓,1
ржХрзНрж▓рж╛ржм,1
bongo,1
bondu,1
рж╢рж┐ржмрж┐рж░рзЗрж░,1
ржЖржирж▓рж┐ржорж┐ржЯрзЗржб,1
ржЖржЬрж┐ржмржи,1
ржирж┐ржпрж╝рзЗржЗ,1
ржмрзНржпрж╛рж╕рзНржд,1
ржЬрж┐ржирж┐рж╖рзЗрж░,1
рждрж┐ржиржЧрзБржг,1
рждрзБрж▓ржирж╛ржп,1
рж╢рзНрж░рзАрж▓ржВржХ,1
sorom,1
ржЪрж╛ржЙрж▓рзЗрж░,1
ржЬржпрж╝рж▓рзАржЧ,1
ржмрж▓рждрзЗржЫрзЗржи,1
ржмрж┐ржмрзЗржХрзЗрж░,1
ржжрж╛рж░рж╛ржи,1
ржПржЗржжрзЗрж╢,1
ржзрзБрж░,1
ржорзЛржЯрзЗржУ,1
doa,1
h,1
m,1
ржЫрзЗрж░рзЛржи,1
ржорзЗрж▓рж╛ржУ,1
ржкрзВржЬрж╛рж░,1
ржЕржмрж┐рж▓ржорзНржм,1
ржкрж░рж┐рж╖рзНржХрж╛рж░,1
lovd,1
ржЪрж╛ржЯржд,1
kyghu,1
fak,1
chatrolig,1
ржжржл,1
sommossa,1
ржмржирзНржпрж╛рж░рзНржд,1
ржЧрзНржпрж╛рж░рж╛ржирзНржЯ,1
ржорзБржпрж╝рж╛ржЬрзНржЬрж┐ржи,1
Boycot,1
ржЪрзБржмрж┐ржп,1
ржЬрж╛рждрж┐ржХ,1
рж╕рж╕рзНржд,1
рж░ржХрзНрж╖рж╛ржп,1
рж╕рзЗржи,1
ржмрж┐ржорж╛ржи,1
ржмрж╛рж╣рж┐ржирзАржХ,1
ржЖржХрзНрж░рж╛ржирзНржд,1
рж╕рж╣рж┐ржВрж╕,1
рж╕рзЗржирж╛ржмрж╛рж╣рж┐ржирзАржХ,1
ржкрзНрж░ржорж╛ржг,1
ржЗржЙржХрзНрж░рзЗржи,1
рж░рж╛рж╢рж┐ржп,1
ржкрж░рж┐рж╖ржжржЧржг,1
ржмржжрж░рзБрж▓рж▓рзАржЧ,1
ржЕрж╕рж╛ржВржмрж┐ржзрж╛ржирж┐ржХ,1
ржЕрж╢рж╛ржирзНрждрж┐рж░,1
ржЗржУржирзБржЫ,1
farooqi,1
China,1
рж╣рж╛ржорзНржм,1
achi,1
vashon,1
onnay,1
sara,1
kaj,1
drobbomullo,1
aain,1
Singh,1
khola,1
shustho,1
biday,1
hon,1
durniti,1
theke,1
pashe,1
shorashori,1
prottahar,1
bebostha,1
shob,1
jhamela,1
kobee,1
jabee,1
ржмрж╛ржкрзЗрж░,1
рж╕рж╛рж░рзЗрж░,1
ржпрзБржмржХ,1
Tokai,1
ржлрзНржпрж╛ржЪрж┐ржмрж╛ржжрзЗрж░,1
Assalamu,1
jamajat,1
Sek,1
ржУржорж╛ржи,1
ржжрзЗржЦрждрзЗржЫ,1
ржмрж┐ржзржм,1
ржорж╛ржирзБрж╖ржжрзЗрж░,1
ржЖржлржЫрзЛрж╕рж▓рзАржЧ,1
ржмрж╛ржХрж╛рж▓,1
ржЖржЧрзИрж▓ржЭрж╛ржб,1
ржЙржкржЬрзЗрж▓,1
ржмрж░рж┐рж╢рж╛рж▓,1
okikk,1
alaikum,1
ema,1
habib,1
рж░рж╛ржд,1
ржЖржпрж╝рж╛рждрзБрж▓,1
ржХрзБрж░рж╕,1
ржШрзБржорж╛рж▓,1
рж╕рж╛рж░рж╛рж░рж╛ржд,1
ржлрзЗрж░рзЗрж╢ржд,1
ржкрж╛рж╣рж╛рж░,1
puraton,1
ржоржирзНрждрзНрж░,1
ржЕржмрж╣рзЗрж▓рж┐ржд,1
ржЙрждрзНрждрж░рж╛ржЮрзНржЪрж▓,1
ржХрзЛрж░ржмрзЗржи,1
рж▓рзЗржб,1
taka,1
ржкрзж,1
ржкрж░рж┐ржмрж╛рж░ржХ,1
ржкрзНрж░рж╛ржержорж┐ржХ,1
ржЧржгрж╢рж┐ржХрзНрж╖,1
ржоржирзНрждрзНрж░ржгрж╛рж▓ржпрж╝рзЗрж░,1
ржирж┐рж░ржмрж╛ржЪржирзЗрж░,1
ржмрж╛рж╣рж╛ржирж╛ржп,1
рж░рж╕рж╛рждрж▓,1
ржирж┐ржпрж╝рзЗржи,1
slemder,1
ak,1
Hoya,1
Kaz,1
ржЖржорзЗрж░рж┐ржХ,1
рж╢рж╛ржЦрж╛рж░,1
ржкрзБрж░рж╛ржЗ,1
ржпрж░рзНрже,1
ржкрж╛рж▓рж╛ржЗржд,1
ржЪрж╛ржЪ,1
ржХрж┐ржмрж╛ржм,1
ржЕржирзБржжрж╛ржи,1
рж░рж╛ржЬрждрзНржм,1
ржорж╛рж╕рзБржж,1
ржзржирзНржпржмрж╛ржжржЬрж╛ржирж╛ржЗ,1
Ya,1
Save,1
Ameen,1
ржЗрж▓рзЗржХрж╢рж╛ржи,1
ржмрзНржпрж╕рзНржд,1
dicistion,1
ржирж┐ржЪрзНржЫ,1
ржЖржмрзНржжрзБрж▓,1
рж╣рж╛ржирзНржирж╛ржи,1
рж╕рж░рзНржмрзНржЬржирзАржи,1
aktue,1
ржмрж╛ржЗржиржжрзЗрж░,1
CAI,1
caii,1
ржЕржкрж░рж┐рж╣рж╛рж░рзНржп,1
рж╣рзНржп,1
рж╕рж░рзНржм,1
рж╢ржХрзНрждрж┐ржорж╛ржи,1
ржЕрждржПржм,1
ржбрзНрж░рж╛ржЗржнрж╛рж░ржХ,1
ржмрж┐рж╕рзНрж╖,1
kheyal,1
Exchange,1
рж▓рзЛржХржХ,1
Faruque,1
рж▓рж╛ржЧрж╛ржо,1
рж╣рж┐ржи,1
ржЬрж╛ржЗржЧ,1
jamate,1
asbe,1
insha,1
allah,1
ржорж┐ржерзНржпрж╛ржЪрж╛рж░,1
ржзрзЛржБржХрж╛ржмрж╛ржЬ,1
ржирж┐ржЫрзЗржи,1
resignation,1
Stock,1
buddho,1
korbe,1
рж╕рж░рзНржмржкрзНрж░ржержо,1
ржорзЛржЯрж╛ржорзБржЯ,1
payscale,1
diben,1
ржЪрж╛ржЗржЗржЗржЗ,1
ржЖржХрж░рзНрж╖ржг,1
StudentржжрзЗрж░,1
Dhaka,1
ржжрзЗржУржпрж╝рж╛рж╣ржп,1
ржорж╛ржиржмржи,1
ржбрзНрж░рж╛ржЗржмрж╛рж░,1
ржШрзБржорж╛ржи,1
hoe,1
geche,1
ржкрж╛ржпрж╝рзЗрж░,1
рждрж▓рж╛ржп,1
ржЧрж░ржо,1
ржбрж┐ржо,1
ржпрж╛рж╣рж╛рж░,1
ржмрж╛ржмрж╛рж░,1
ржХрж░рзЗржЫрж┐рж▓,1
ржЕржЪрж▓,1
On,1
рж╕рж╛ржзрзАржи,1
basis,1
whose,1
opinion,1
adviser,1
has,1
been,1
appointed,1
Motherboards,1
resign,1
3,1
voter,1
but,1
thakte,1
2,1
jongi,1
рж▓рзБрзОржлрж░,1
ржмрж╛ржмрж░,1
ржмрзНржпрж╛ржХ,1
ржЧрзБрж▓рзЛржд,1
ржкрж░рзНржпрж╛рзЗрзНржкрзНржд,1
ржЬржорж╛ржи,1
tay,1
рж▓рж╛ржЙ,1
ржХржж,1
рж╕рж╛ржорж▓рж╛ржЬржп,1
ржмржЩрзНржЧржмрж▓рзНржЯрзБрж░,1
hedar,1
ржЪрж╛рж░,1
ржкрж╛ржБржЪржЯ,1
ржЖржмржжрж╛рж░,1
Insha,1
Janogon,1
bishesh,1
sadharon,1
Compokke,1
ржЖржкржирж┐ржЗ,1
рж╕рзО,1
ржЦрзЛрж▓рж╛ржЦрзБрж▓рж┐ржнрж╛ржм,1
zamad,1
ржЗржи,1
ржжрж┐рж╕,1
ржУржпрж╝рж╛рж░рзНрж▓рзНржб,1
ржмрж╕рж┐рж░рзЗрж░,1
DC,1
posting,1
caserr,1
korlen,1
maal,1
khaiya,1
sibir,1
ржЗржЬ,1
ржЙржи,1
рж╢рзБржирж▓рзЗржЗ,1
ржнржХрзНржд,1
рж░рж╛ржЬржирзАрждрж┐рж░,1
ржЧрзЗржБржб,1
ржХрж▓,1
ржмржжржирж╛ржо,1
ржпрждржЯ,1
ржжрзБрж░ржд,1
рж╢ржиржорж╛ржи,1
рж░рзЗржирзНржб,1
ржХрж░рзНржоржЪрж╛рж░рзАрж░,1
рж▓рзЛржХржЬржиржХ,1
ржбрж┐рж╕рзЗржорзНржмрж░,1
ржмрж▓рж╛ржЯ,1
рж▓рзЗржЧрзЗржЫ,1
ржжрзВрж░рзНржнрзЛржЧ,1
ржмрж┐ржЬржмрзЗржи,1
рж╕рзБржЦ,1
ржмрж╕ржмрж╛рж╕,1
ржкрзНрж░рждрзНржпрзЗржХржЯрж╛ржХ,1
19,1
20,1
21,1
2024,1
ржЧрзНрж░рзЗржбрзЗрж░,1
ржжрж╛ржУржпрж╝рж╛ржд,1
ржЗржЬрждрж┐ржо,1
ржЖрж╢рж┐ржпрж╝рж╛ржи,1
рж╕рж┐ржЯ,1
ржмрзНржпрж╛ржмрж╕,1
ржмрж╛ржгрж┐ржЬрзНржп,1
ржЧрж┐ржпрж╝рзЗржЫ,1
ржжрж╢ржо,1
ржЧрзНрж░рзЗржб,1
ржмрж┐рж╢рждржо,1
ржЙржжрзНржпржЧржд,1
ржерж╛ржорж╛ржи,1
golo,1
jinis,1
ржЬрзБржЧрж┐ржпрж╝рзЗржЫрзЗржи,1
ржЙржкржжрзЗрж╖рзНржЯрж╛ржд,1
ржкрзНрж░рждрж┐рж╖рзНржарж╛ржп,1
ржЧржирждрж╛ржирзНрждрзНрж░рж┐ржХ,1
ржЙржжрзНржпрзЛржЧржЧрзБрж▓,1
рж╕рзЗржЧрзБрж▓,1
ржРржХрзНржпржмржжрзНржз,1
ржХрж░рзЗржиржи,1
ржПрж╕рзЗржЫрзЗржи,1
рж╣рж╛рж╕рж┐рж▓,1
paitir,1
tik,1
komaw,1
ржЧржгрж╣рждрзНржпрж╛ржХрж╛рж░,1
Ajaira,1
Advisor,1
shoran,1
Much,1
Jamuna,1
Tv,1
Years,1
Congratulations,1
ржЙржжрзНржжрзАржкржи,1
ржЪрзНржпрж╛ржирзЗрж▓рзЗрж░,1
ржмрж╛рж╣рж┐рж░,1
ржпрзБржХрзНрждрж┐ржд,1
den,1
ржорзЛрж▓,1
ржмрзЗржЧрзБржи,1
рззрзирзж,1
рззрзмрзж,1
ржЫржмрж┐ржд,1
ржжрзЛржХрж╛ржи,1
рзирззрзж,1
hlw,1
ржХрж╛ржЗржЯ,1
рж╢ржпрж╝рждрж╛ржи,1
miajeer,1
рждрж╣,1
ржирж┐ржЙ,1
Manus,1
hottakari,1
oporadi,1
koby,1
hosse,1
ржЗрж▓рж┐ржпрж╝рж╛ржЫрзБрж░,1
рззрзй,1
looted,1
